siren,2017_CIR,2018_CIR,2019_CIR,2020_CIR,2021_CIR,2022_CIR,2023_CIR,2016_CIR
300022902,0.0,0.0,0.0,0.0,0.0,0.0,,0.0
300031226,0.0,0.0,,,,0.0,0.0,0.0
300153533,,,,0.0,15140.0,,,
300170669,0.0,0.0,0.0,0.0,0.0,0.0,0.0,0.0
300398880,0.0,0.0,892000.0,0.0,,,0.0,555000.0
300400207,0.0,0.0,,0.0,0.0,,,0.0
300484813,,0.0,0.0,0.0,,0.0,,
300520657,,0.0,,,,0.0,0.0,0.0
300560588,368934.0,323947.0,,0.0,,,,
300685948,0.0,1562.0,0.0,,0.0,,,0.0
300848041,,,,34221.0,0.0,,0.0,
300882016,,380536.0,0.0,0.0,,,,
300960754,16840000.0,20128000.0,19710000.0,,,,,0.0
301027124,0.0,,0.0,0.0,0.0,0.0,0.0,0.0
301097937,,,1194.0,,,,,
301126207,0.0,1808.0,0.0,,0.0,,,0.0
301166138,,,0.0,0.0,0.0,0.0,,0.0
301296588,,0.0,0.0,0.0,,0.0,,
301311999,0.0,0.0,,,,0.0,,11401.0
301312765,0.0,0.0,0.0,0.0,0.0,,,
301392569,0.0,0.0,0.0,,,,,
301393161,0.0,0.0,0.0,148016.0,0.0,0.0,0.0,0.0
301420733,0.0,0.0,0.0,0.0,0.0,0.0,0.0,0.0
301467643,,,,,,,0.0,
301484556,0.0,,,,,0.0,,0.0
301520920,2929000.0,0.0,25683000.0,5831741.0,1927000.0,1625000.0,1310000.0,2514000.0
301523460,,,,,,,,
301549002,,0.0,,,,,,
301571881,0.0,,,,,,,0.0
301590915,0.0,,,,,0.0,,39480.0
301763405,,10568000.0,9017000.0,10421000.0,,,,9000000.0
301768859,0.0,0.0,0.0,0.0,0.0,,,0.0
301793873,0.0,0.0,,,0.0,0.0,0.0,0.0
301849675,0.0,,0.0,0.0,0.0,,,0.0
301850277,,,,,,0.0,,141359.0
301853008,0.0,0.0,0.0,0.0,,,,
301895967,0.0,0.0,0.0,,,,,0.0
301896619,0.0,,,,,,,0.0
301897278,1392000.0,1236000.0,520000.0,364000.0,792000.0,357000.0,467000.0,
301921201,0.0,405000.0,0.0,0.0,0.0,,,0.0
302077169,0.0,0.0,0.0,,,0.0,0.0,0.0
302112867,0.0,0.0,0.0,0.0,0.0,0.0,0.0,0.0
302135900,,,,,,0.0,,230500.0
302180674,,,,,,0.0,,
302182753,0.0,0.0,99066.0,,,,,0.0
302236856,136504.0,0.0,70197.0,,,0.0,,
302238829,317000.0,0.0,0.0,0.0,0.0,0.0,0.0,257000.0
302316658,,,22111.0,78832.0,121821.0,,,
302333075,0.0,0.0,0.0,,,,,
302409107,70967.0,0.0,0.0,0.0,0.0,,,0.0
302411277,0.0,0.0,0.0,0.0,0.0,0.0,,0.0
302421318,0.0,,0.0,0.0,0.0,0.0,,0.0
302454699,0.0,0.0,0.0,0.0,,,,0.0
302507652,0.0,0.0,0.0,0.0,0.0,,,
302565544,0.0,0.0,,0.0,,,,0.0
302571732,0.0,0.0,0.0,0.0,0.0,0.0,,0.0
302607486,0.0,0.0,,,,0.0,,447989.0
302607676,,,,,,516599.0,,
302607957,0.0,0.0,0.0,,,,,0.0
302664792,662869.0,403020.0,455777.0,452252.0,,,,617946.0
302695614,0.0,,,0.0,0.0,1419513.0,408819.0,0.0
303074538,0.0,0.0,0.0,0.0,0.0,0.0,,0.0
303120992,0.0,,0.0,0.0,0.0,0.0,,0.0
303171672,0.0,,0.0,,,,,0.0
303355671,0.0,0.0,0.0,0.0,0.0,0.0,,
303375406,651774.0,561785.0,707096.0,,647065.0,,,
303411698,0.0,0.0,0.0,0.0,0.0,0.0,0.0,0.0
15451214,,,0.0,,,,,
25950064,,,0.0,,,,,
27250026,,,810793.0,,,,,
35650167,,,,301998.0,,,,
54392196,,,,,,,,
56503097,,,0.0,,,,,
57200800,,,0.0,,,,,
57506677,,,,,,,,377968.0
70200084,,,,,,0.0,,0.0
70200118,,,0.0,,,,,
70501275,,,996000.0,,,,,
72500077,,,0.0,,,,0.0,
303434591,0.0,0.0,,,,73263.0,,0.0
303458574,0.0,0.0,0.0,0.0,0.0,0.0,,0.0
303513568,0.0,,0.0,,,,0.0,0.0
76120021,,,89000.0,,,,,
85780534,,,,,,,31589.0,
86150208,0.0,0.0,0.0,,,,,79700.0
95550307,,0.0,,,,,,
95750337,,,,,,,,206000.0
97180756,,,,,,,,0.0
303514715,10749.0,0.0,0.0,0.0,0.0,,,10362.0
303527154,38331.0,0.0,52732.0,0.0,35777.0,26850.0,73915.0,0.0
303544365,0.0,0.0,,,,0.0,,0.0
303664031,0.0,0.0,,,,,0.0,
303773923,0.0,0.0,0.0,0.0,0.0,0.0,,0.0
303803209,0.0,0.0,0.0,0.0,0.0,,0.0,0.0
303804553,0.0,0.0,0.0,0.0,0.0,0.0,,0.0
303890602,570959.27,0.0,1492.0,0.0,0.0,0.0,10869.0,0.0
303939755,237902.0,,799586.0,529474.0,206000.0,246991.0,210731.0,107523.0
304155062,,,,0.0,,,,
304263510,0.0,0.0,0.0,0.0,,,,0.0
304395973,70000.0,114000.0,0.0,0.0,0.0,0.0,0.0,70000.0
300601648,0.0,,,,0.0,,,0.0
301075594,,,,,,0.0,,
301097796,,,,,,0.0,,
301251906,,,,,,,,
301422622,,,,,,365318.0,,
301608634,,2425807.0,,,,,,2144000.0
301940011,,88833.0,0.0,,,,,
301981312,,,,,,0.0,,
302077565,,,,,,31000.0,,
302078217,,,,,,0.0,,
302113840,,,,,,0.0,,
302162623,,,,,,0.0,,
302433149,,,,,,,0.0,
302453592,,,0.0,,,,,
302454723,,,,,0.0,0.0,,
302456199,812647.0,,,,,,,3439257.0
302472501,,0.0,,,,,,
302474648,,,0.0,,,,,
302475041,,,0.0,,,,,
302476445,,,0.0,,,,,
302477500,,0.0,0.0,,,,,
302491584,,,0.0,,0.0,,,
302493275,,0.0,,,,,,
302493416,,,0.0,,,,,
302494398,,,0.0,,,,,
302508460,,,,0.0,,,,
302508585,,,17109.0,,,,,
302510151,,,0.0,,,,0.0,
302543954,,,,,0.0,,,
302587662,,0.0,,,,,,
302588462,,,2092000.0,,,,,
302590674,,,0.0,0.0,,,,
302590898,,,,,,,0.0,
302638424,,,,0.0,0.0,,,
304464084,1009871.0,841071.0,,,,0.0,,0.0
304515562,0.0,0.0,13234.0,0.0,0.0,0.0,,35791.0
304578438,61000.0,255000.0,92000.0,,,,,410000.0
304613912,0.0,0.0,0.0,0.0,,1219124.0,,0.0
304624224,0.0,,,,,40160.0,0.0,0.0
304646458,295507.0,224398.0,0.0,,,,,241750.0
304668502,0.0,,,,1384358.0,,,79000.0
304688179,,,0.0,,0.0,0.0,,
304838352,26282000.0,11751000.0,2947000.0,0.0,0.0,0.0,,50900000.0
304849094,9739588.0,78067.0,44568.0,112594.0,152287.0,141921.0,131821.0,3228087.0
304850795,0.0,0.0,,,,0.0,,0.0
304925159,0.0,0.0,,0.0,0.0,0.0,0.0,0.0
305063588,,,,,,,0.0,
305065088,0.0,0.0,0.0,956717.0,0.0,,,306513.0
305065658,0.0,0.0,0.0,0.0,0.0,0.0,0.0,
305151771,,100061.0,0.0,110253.0,,,,114805.0
305163040,0.0,0.0,,,2875660.0,,,0.0
305241457,0.0,0.0,,,,0.0,,0.0
305254526,1251000.0,,,,,802000.0,,0.0
305394496,0.0,0.0,0.0,,,,0.0,0.0
305461063,48188.0,44077.0,67017.0,,,195709.0,80151.0,55281.0
305506412,15542.0,26370.0,,,,,,0.0
305522823,,46947.0,0.0,0.0,0.0,0.0,0.0,
305546616,0.0,0.0,0.0,,0.0,,,0.0
305662504,27708.07,0.0,0.0,0.0,0.0,0.0,0.0,25655.69
305751034,0.0,0.0,0.0,0.0,,,,0.0
305822488,,0.0,2485.0,0.0,0.0,3905.0,,0.0
305823296,1380000.0,0.0,1367000.0,1248000.0,1205000.0,1117000.0,,
305824476,0.0,0.0,0.0,0.0,0.0,0.0,0.0,0.0
305900219,67000.0,24000.0,53000.0,0.0,0.0,0.0,3260.0,49000.0
306062944,0.0,0.0,0.0,,,,,0.0
306064312,299708.0,,0.0,22564.0,,,0.0,0.0
306100421,0.0,14657.0,50449.0,,55299.0,109496.0,68936.0,0.0
306140807,43175122.0,45869000.0,48783576.0,,,,45006528.0,
306187535,0.0,0.0,0.0,0.0,,0.0,,0.0
306246182,0.0,0.0,0.0,29668.0,44580.0,93850.0,92189.0,0.0
306348632,0.0,119974.0,,,,,,0.0
306522145,0.0,0.0,0.0,0.0,,0.0,,0.0
306678954,0.0,0.0,0.0,,,0.0,,0.0
306841560,0.0,0.0,0.0,0.0,,0.0,,0.0
306926684,0.0,750000.0,0.0,0.0,,0.0,0.0,0.0
306980517,0.0,0.0,0.0,0.0,,,,0.0
307150516,0.0,0.0,0.0,0.0,,0.0,,0.0
307150565,0.0,0.0,0.0,,0.0,0.0,,0.0
307180786,0.0,0.0,0.0,0.0,0.0,,,0.0
307299248,0.0,0.0,,,0.0,,,0.0
307309898,0.0,,,,,,,0.0
307378489,,,,1314000.0,1214000.0,,,
307420380,0.0,,0.0,0.0,0.0,,,
307613935,234471.0,202694.0,0.0,,,,,186761.0
307737304,0.0,0.0,0.0,0.0,0.0,,,0.0
307918128,514760.0,487992.0,0.0,0.0,0.0,0.0,,410995.0
308017847,0.0,0.0,0.0,0.0,0.0,,,0.0
308127687,,,,,,0.0,,0.0
308172626,0.0,0.0,0.0,0.0,0.0,0.0,0.0,
308173848,0.0,0.0,0.0,0.0,0.0,0.0,0.0,0.0
308241470,0.0,0.0,0.0,0.0,0.0,0.0,0.0,0.0
308428788,,,,0.0,0.0,,,
308491521,,,,,,4712.0,,4363000.0
308528827,,0.0,405330.0,,,538513.0,,346000.0
308531359,0.0,0.0,0.0,,0.0,0.0,,0.0
308575158,0.0,0.0,0.0,,0.0,0.0,,0.0
308884998,,,,,,,,17646000.0
308961911,0.0,0.0,,,,,,
308983428,,,,,0.0,,0.0,
309001352,0.0,0.0,0.0,0.0,0.0,0.0,,0.0
309047454,112086.0,65759.0,,,,0.0,,189886.0
309065084,0.0,0.0,0.0,,,0.0,,84381.0
309103877,718573.0,474117.0,474117.0,368029.0,449762.0,449762.0,,900484.0
309124477,0.0,0.0,0.0,0.0,0.0,0.0,,0.0
309258234,0.0,,0.0,0.0,0.0,0.0,0.0,0.0
309275717,,,0.0,0.0,,0.0,0.0,
309307460,,,,,,0.0,0.0,0.0
309494953,,127000.0,226360.0,192357.0,225133.0,,,
309516730,0.0,0.0,0.0,800000.0,0.0,,0.0,0.0
309540029,0.0,0.0,0.0,0.0,0.0,0.0,0.0,
309552040,380409.0,,,,,,,0.0
309600088,0.0,0.0,0.0,0.0,0.0,0.0,29606.0,113634.0
309661692,0.0,0.0,2835.0,2835.0,27835.0,0.0,0.0,
309745891,,,,,,,,0.0
309786481,12334069.0,0.0,4363067.0,4265912.0,,4100372.0,3738273.0,8993035.0
309801058,,,,,,0.0,0.0,
309801140,,,31908.0,,,0.0,,
309825156,,,,176000.0,0.0,,,0.0
309858231,0.0,0.0,,0.0,,,0.0,0.0
309904324,0.0,82683.0,0.0,,,,,
309954006,1010000.0,,,,1385352.0,1578605.0,1978627.0,843000.0
310005392,0.0,0.0,0.0,0.0,0.0,,,0.0
310108212,,,0.0,0.0,0.0,,,
310162839,0.0,,,,,,,
310172440,,0.0,0.0,0.0,0.0,0.0,,
310174503,0.0,11783.0,0.0,,,,,0.0
310188834,0.0,0.0,0.0,0.0,,,733502.0,79016.0
310288220,,,0.0,0.0,0.0,0.0,,
310369970,0.0,48991.0,14700.0,14160.0,8700.0,10500.0,,0.0
310370887,0.0,,0.0,,,,0.0,
310558770,334000.0,335000.0,324000.0,207000.0,331304.0,218889.0,,
310602313,223786.0,,,,0.0,,,0.0
310623269,250797.0,0.0,0.0,0.0,0.0,0.0,0.0,249323.0
310634696,0.0,0.0,0.0,0.0,0.0,0.0,0.0,0.0
310691977,,,,,,,,0.0
310810486,,,,,,,,234551.0
310827340,,0.0,,,,,,0.0
310865597,0.0,128024.24,0.0,88324.95,12485.96,,,0.0
310880679,0.0,0.0,,0.0,0.0,0.0,0.0,0.0
310939947,0.0,0.0,0.0,0.0,0.0,,,217750.0
310949623,,594304.0,,,,,,
310967294,440017.0,275980.0,959774.0,997055.0,994174.0,973131.0,967093.0,332945.0
310967302,0.0,,,,,,0.0,0.0
310968540,0.0,0.0,22575.0,,,0.0,,0.0
311020911,553502.0,,320508.0,,,180764.0,145202.0,560391.0
311109441,0.0,0.0,0.0,0.0,781984.0,,,70284.0
311198303,18763.0,,0.0,0.0,0.0,,,
311210827,0.0,304681.0,,,807685.0,807685.0,,0.0
311328264,,,,0.0,,,,
311584718,20434.0,12807.0,12807.0,,,0.0,,38042.0
311666077,0.0,44739.0,,,,0.0,,0.0
311666192,0.0,0.0,0.0,,0.0,0.0,,
311794499,0.0,0.0,0.0,0.0,0.0,0.0,0.0,0.0
311865307,0.0,,,0.0,,,0.0,
311866206,0.0,0.0,0.0,0.0,,,,
311901318,,,,,0.0,0.0,,
311916639,0.0,0.0,0.0,,,,,0.0
311999833,4793000.0,4818000.0,,,,,,5356000.0
312110620,,0.0,0.0,0.0,,,,
312141336,31976000.0,100047.0,,,,123442000.0,,34755539.0
312195977,,0.0,,,,,,0.0
312261811,0.0,0.0,0.0,0.0,,,,0.0
312261894,173000.0,,,,,,,940000.0
312285133,,,,,0.0,0.0,,173738.0
312286040,0.0,0.0,0.0,,0.0,0.0,,0.0
312300205,0.0,,0.0,0.0,0.0,,,0.0
312310311,0.0,,,,0.0,,,0.0
312327489,,,0.0,0.0,,,,0.0
312330806,,,,,0.0,0.0,11752.0,0.0
312378870,208141.0,0.0,,,,,,148188.0
312450497,0.0,0.0,,,,,,0.0
312452675,,,,,,,0.0,
312453202,152193.0,,156871.0,,137545.0,99352.0,97750.0,157465.0
312455298,,0.0,0.0,0.0,0.0,0.0,0.0,24745.0
312549587,,,,0.0,,,,
312573850,,,39827.0,0.0,0.0,,0.0,
312730674,4225.0,0.0,0.0,0.0,,0.0,0.0,0.0
312731532,0.0,0.0,0.0,81299.0,41713.0,206887.0,201228.0,
312786338,55864.0,88788.0,8921.0,52927.0,49411.0,,,75472.0
312815780,0.0,0.0,0.0,0.0,0.0,,,0.0
312857592,0.0,0.0,,,,,,0.0
312905342,0.0,0.0,,,,,,0.0
313088247,,,0.0,0.0,0.0,0.0,0.0,0.0
313149973,0.0,0.0,,,,,,356633.0
313167116,,,,,,,,0.0
313182503,0.0,,,,,,,0.0
313197030,0.0,0.0,0.0,0.0,0.0,0.0,0.0,0.0
313320244,,,,0.0,,,,
313335978,0.0,0.0,0.0,0.0,0.0,0.0,,0.0
313349144,0.0,,,0.0,0.0,,,0.0
313349565,0.0,,0.0,,,,,0.0
313386146,0.0,0.0,0.0,,0.0,0.0,,0.0
313400657,,,0.0,,,,,
313455545,0.0,0.0,,0.0,0.0,,,
313609133,0.0,156857.0,,,,600.0,660.0,0.0
313620783,158661.0,,,207791.0,167684.0,,,
313777997,2228661.0,0.0,,0.0,1636023.0,,,1705796.0
313849788,0.0,0.0,0.0,0.0,0.0,0.0,,0.0
313997223,884203.0,896774.0,,,,,,1200000.0
314102484,13180.0,0.0,0.0,0.0,0.0,0.0,0.0,0.0
314119504,2462927.0,2119883.0,,,,,,2172752.0
314175530,,,,,,,,36457.0
314239179,0.0,0.0,0.0,0.0,0.0,,,0.0
314258997,0.0,0.0,0.0,,,,,0.0
314292624,,0.0,0.0,0.0,,,,
314328873,180093.0,146664.0,,,,,,145017.0
314388794,0.0,,0.0,0.0,0.0,0.0,0.0,0.0
314420779,0.0,,,,,,0.0,
314466277,0.0,0.0,512868.0,445292.0,3382031.0,0.0,0.0,527406.0
314604802,0.0,0.0,0.0,0.0,0.0,0.0,,0.0
314625922,,,,0.0,0.0,0.0,,
314722026,25989607.0,27720541.0,13304854.0,16153415.0,15314979.0,13835551.0,,24318501.0
314788803,0.0,,245942.6,,100098.0,0.0,,157270.68
314814831,0.0,0.0,14229.0,,,53194.0,,0.0
314901984,0.0,,,,,,,
314937970,,,0.0,0.0,0.0,0.0,,0.0
315013359,135566.0,,,,,,,129092000.0
315064188,667000.0,200630.0,0.0,0.0,35000.0,0.0,0.0,0.0
315067942,0.0,,4290858.0,4330398.0,4396237.0,,,0.0
315080572,,0.0,,,0.0,0.0,,
315144014,0.0,0.0,0.0,,,0.0,,0.0
315172023,196421.0,,,,,,,161077.0
315268664,0.0,0.0,1116675.0,,,,,
315292177,74047.0,0.0,0.0,0.0,0.0,0.0,0.0,0.0
315560730,0.0,0.0,0.0,0.0,0.0,0.0,0.0,0.0
315561498,9300.0,,,,,13080.0,,0.0
315633081,305732.0,286410.0,262952.0,286688.0,299375.0,265428.0,,
315667386,0.0,0.0,,,,,,359000.0
315708586,0.0,,0.0,0.0,0.0,,,
315710293,824000.0,866000.0,,,835000.0,875000.0,653000.0,763000.0
315815936,0.0,0.0,0.0,0.0,0.0,0.0,78370.0,0.0
315828988,0.0,,,0.0,,,,
315842773,0.0,0.0,,0.0,0.0,0.0,0.0,0.0
315843797,0.0,0.0,0.0,0.0,,0.0,,0.0
315930578,0.0,0.0,,,,,,0.0
315985135,,6451000.0,,9393000.0,0.0,778000.0,,1874000.0
316014984,64000.0,0.0,0.0,,,,,89000.0
316066901,0.0,,,0.0,,,,0.0
316155506,2522.0,0.0,0.0,0.0,0.0,0.0,0.0,5487.0
316173160,,13145.0,25741.0,0.0,0.0,0.0,,
316186600,168112.0,121123.0,0.0,,,,,145599.0
316239045,0.0,,,0.0,,0.0,0.0,0.0
316252295,0.0,115795.0,,,,,,0.0
316357334,13422314.0,12059217.0,,,,9426513.0,,0.0
316359041,264420.0,154106.0,140274.0,14000.0,101000.0,235000.0,172000.0,161393.0
316514769,,,,,,,,
316522903,0.0,,,,,0.0,,
316534783,0.0,0.0,0.0,,,0.0,,0.0
316539006,0.0,0.0,0.0,,0.0,0.0,0.0,0.0
316559582,,,112568.0,87980.0,0.0,0.0,0.0,72957.0
316676741,,0.0,,,,,0.0,369656.0
316696996,2133.0,,,,,0.0,,82075.0
316743095,0.0,,,,0.0,0.0,0.0,0.0
316866805,0.0,0.0,,,,,,0.0
316883180,0.0,0.0,0.0,0.0,,,0.0,0.0
317031706,533162.0,320507.0,494144.0,383694.0,474386.0,509555.0,,334803.0
317036887,0.0,248000.0,,,,,,0.0
317098432,0.0,0.0,0.0,0.0,0.0,0.0,0.0,0.0
317099679,0.0,,,,,0.0,0.0,
317288389,0.0,0.0,,0.0,0.0,0.0,0.0,0.0
317308278,0.0,0.0,0.0,,,0.0,,0.0
317354496,,,,,,,,0.0
317372654,0.0,0.0,,0.0,0.0,,,0.0
317401016,0.0,,0.0,0.0,0.0,0.0,0.0,0.0
317515195,0.0,0.0,0.0,,0.0,0.0,,0.0
317540581,5397217.0,,6619000.0,6351962.0,7026495.0,6873000.0,6488811000.0,6305179.0
317552834,,0.0,0.0,0.0,,0.0,,
317578029,0.0,,,,,,,0.0
317802692,0.0,0.0,0.0,0.0,0.0,0.0,,0.0
317805323,657333.0,666907.0,769830.0,600918.0,,623234.0,845134.0,598552.0
317837581,0.0,,,,,,,0.0
317866374,,,,,,,,61718.0
317883999,0.0,0.0,0.0,,30063.0,0.0,0.0,0.0
317924462,,,0.0,,,,,
317929537,96204.0,0.0,0.0,,,,,0.0
317994200,0.0,0.0,0.0,0.0,0.0,0.0,0.0,
318111952,0.0,0.0,0.0,0.0,0.0,0.0,0.0,0.0
318164423,0.0,0.0,0.0,0.0,0.0,,,0.0
318164837,5041718.0,3640360.0,,,,4116723.0,,4926036.0
318198777,141273.0,183158.0,,,,190548.0,,151311.0
318210614,0.0,,,0.0,0.0,0.0,0.0,0.0
318223658,0.0,,,,,,,2044.0
318309267,0.0,0.0,1376000.0,,,,,0.0
318309499,,0.0,0.0,,,,,
318335734,6003.0,0.0,,534863.0,,814000.0,,0.0
318488582,0.0,0.0,,0.0,0.0,0.0,0.0,24338.0
318488756,,,,,,,,0.0
318649217,0.0,0.0,,,,0.0,,0.0
318671344,,0.0,0.0,,,,,
318720653,500000.0,0.0,,,,,,
318732880,,0.0,,,,,,2865000.0
319137576,8466464.0,10884384.0,,,,,,8585647.0
319159877,30440000.0,31291000.0,,,,,,9092000.0
319200721,89000.0,107000.0,34000.0,73000.0,93000.0,64000.0,,68000.0
319242210,0.0,0.0,,0.0,,0.0,,0.0
319265807,87167.0,87281.0,,,,,,0.0
319308706,0.0,88643.0,0.0,0.0,0.0,0.0,0.0,70000.0
319368486,0.0,0.0,,,,,,0.0
319380556,13963.0,,4381.0,2967.0,1207.0,,,11118.0
319416657,,,,,4566820.0,3021628.0,,7362192.0
319416756,23239209.0,22945072.0,,,,21728341.0,,24462198.0
319427399,250969.0,,312493.0,,,,,
319427696,19000.0,17000.0,0.0,0.0,0.0,,,
319529384,211978.0,142543.0,96996.0,96996.0,0.0,0.0,,211978.0
319537791,84407.0,0.0,,0.0,0.0,0.0,,147861.0
319557237,551283.0,592000.0,,445000.0,1867000.0,115000.0,,3232000.0
319567475,0.0,0.0,0.0,0.0,0.0,,0.0,0.0
319618393,0.0,0.0,0.0,,,,,0.0
319632790,97000000.0,74600000.0,,59000000.0,,66300000.0,,110700000.0
319640983,416107.0,,,,,,650064.0,315003.0
319665196,0.0,0.0,70181.0,,,0.0,,
319689394,0.0,0.0,0.0,,0.0,0.0,0.0,0.0
319699815,0.0,0.0,0.0,0.0,0.0,0.0,,0.0
319806048,0.0,0.0,0.0,0.0,0.0,7418664.0,0.0,0.0
319813820,,,,0.0,0.0,,,
319816401,5583.0,24905.0,,,,,,29816.0
319851408,,0.0,,,,,,800000.0
319935748,,,,,,0.0,,0.0
319948576,0.0,,0.0,0.0,0.0,0.0,,
320129851,0.0,0.0,0.0,,,0.0,,0.0
320130263,79115.0,96939.0,87897.0,,0.0,0.0,,
320353576,1056000.0,,,,,,101000.0,
320376635,131450.0,0.0,0.0,0.0,0.0,0.0,,0.0
320442122,136766.0,0.0,,,0.0,,,0.0
320443393,,,,,,,,240218.0
320460173,414000.0,729000.0,,,,,,222000.0
320461726,0.0,,0.0,0.0,0.0,0.0,,188812.0
320488505,0.0,0.0,,,0.0,,2975.0,0.0
320488737,,,,,,0.0,,0.0
320495310,0.0,0.0,0.0,,,,,0.0
320527443,,,,,0.0,0.0,0.0,0.0
320609175,0.0,,,,,0.0,,0.0
320651631,0.0,0.0,0.0,,,,,0.0
320663594,0.0,0.0,0.0,,,,,0.0
320708019,0.0,,5188.0,,0.0,,,16293.0
321008377,,,0.0,0.0,0.0,0.0,0.0,
321130767,55022.0,43108.0,0.0,0.0,0.0,,,46636.0
321212904,48238.0,121261.0,,,9161.0,0.0,,598712.0
321276214,,,0.0,,0.0,0.0,,63739.0
321276529,0.0,0.0,0.0,0.0,0.0,,,0.0
321391237,487377.0,483774.0,,529596.0,,,,441478.0
321483380,4933.0,,,,,,,0.0
321523086,171444.0,,111794.0,,,72702.0,,171975.0
321579633,0.0,0.0,0.0,0.0,0.0,,,
321715062,0.0,,0.0,,,,,0.0
321716847,118000.0,,,,30000.0,,,0.0
321735789,0.0,,,,,,,
321748063,118848.0,,,47462.0,,416000.0,,0.0
321774713,,,,,,,,0.0
321783383,0.0,0.0,,,,0.0,,0.0
321819112,,,,0.0,,0.0,,0.0
321853798,100000.0,100000.0,200000.0,0.0,0.0,72000.0,,250000.0
321936197,0.0,,,,,,,
321955734,0.0,0.0,0.0,,,,,0.0
321995367,,,,0.0,,,,
322043803,0.0,0.0,0.0,,,0.0,,0.0
322064528,0.0,0.0,,,27984.0,,,0.0
322067539,0.0,0.0,,,,,,0.0
322095191,0.0,0.0,0.0,,,,,0.0
322366204,0.0,0.0,,0.0,0.0,,,0.0
322376906,0.0,0.0,0.0,0.0,0.0,0.0,,0.0
322398132,0.0,0.0,0.0,0.0,0.0,0.0,0.0,0.0
322407693,0.0,0.0,,0.0,0.0,0.0,,94969.0
322409913,0.0,,0.0,0.0,0.0,0.0,0.0,0.0
322424136,0.0,0.0,1800.0,7800.0,,4650.0,0.0,0.0
322471301,,0.0,0.0,0.0,0.0,0.0,388883.0,
322498270,,,,,,,,0.0
322522368,481000.0,25000.0,,,,,,95000.0
322537788,0.0,192244.0,0.0,,,,,0.0
322602558,0.0,0.0,0.0,0.0,,0.0,,
322624701,0.0,1734182.0,,0.0,,,,1677520.0
322687179,0.0,0.0,0.0,0.0,,0.0,0.0,0.0
322707159,0.0,0.0,0.0,0.0,,,,80000.0
322746603,0.0,0.0,0.0,0.0,0.0,0.0,0.0,0.0
322827924,0.0,0.0,0.0,0.0,0.0,,,0.0
322868910,7000.0,0.0,,,,0.0,,0.0
322928680,0.0,0.0,0.0,0.0,0.0,0.0,,0.0
322960238,0.0,155000.0,121000.0,0.0,0.0,0.0,0.0,
322993411,60815.0,73603.0,,43000.0,128000.0,0.0,,65542.0
323004713,,,0.0,,0.0,,0.0,0.0
323025320,18437.0,859407.0,,0.0,0.0,4000000.0,0.0,16212.0
323160499,0.0,0.0,0.0,,,,,
323210161,2707.0,0.0,,,,,,0.0
323346973,191076.0,156162.0,,,123286.0,,,193111.0
323375279,,,,,,,,0.0
323388058,,,0.0,,,,,0.0
323438515,,,,60464.0,1806926.0,,,2761567.0
323458745,0.0,,,0.0,0.0,0.0,0.0,0.0
323459974,1840000.0,0.0,,1726192.0,,1967000.0,,2050000.0
323469106,104703.0,109057.0,107506.0,87979.0,131328.0,136641.0,,
323490623,,0.0,,0.0,0.0,,,
323588202,,47601.0,17562.0,8487.0,9214.0,,,99667.0
323589788,,0.0,0.0,0.0,0.0,,,
323592527,39873.0,,,,0.0,,,26517.0
323601088,0.0,0.0,,,,,,0.0
323613604,0.0,0.0,0.0,0.0,897936.0,2461009.0,0.0,
323623447,,,,,0.0,0.0,,
323648451,0.0,,0.0,0.0,,,,0.0
323709568,0.0,,,,51125.0,,,81902.0
323720276,,0.0,0.0,0.0,0.0,0.0,0.0,0.0
323751487,,,91571.0,95439.0,0.0,,0.0,
323782169,,,,,239000.0,677948.0,,396885.0
323840645,102656.0,2784551.0,2784346.0,,,,,102700.0
323871426,877282.0,266164.0,0.0,0.0,,,,223846.0
323889303,0.0,0.0,,,,0.0,,0.0
323947242,0.0,0.0,0.0,,0.0,0.0,,0.0
324103829,1336685.0,,,,,,,583795.0
324165141,0.0,7555.0,0.0,0.0,0.0,,,7431.0
302003603,,,,,,0.0,,
303229504,,91920.0,0.0,,,,,
305036550,0.0,675744.0,573206.0,414516.0,,431706.0,,424120.0
305151409,23777000.0,7152000.0,,,,,,7946000.0
324214857,63987.0,0.0,0.0,0.0,0.0,0.0,0.0,0.0
324227818,0.0,42648.0,0.0,0.0,0.0,,0.0,
324240605,0.0,,,0.0,0.0,0.0,,0.0
324284611,0.0,0.0,0.0,0.0,,,,0.0
324378074,0.0,,,0.0,0.0,0.0,0.0,0.0
324420785,5012000.0,2014000.0,,2001000.0,1987000.0,2094000.0,2156000.0,4744000.0
324558972,,0.0,,,0.0,,,
324676469,,,,,0.0,,,
324729631,0.0,0.0,0.0,0.0,0.0,508007.0,,0.0
324787571,,,,,,0.0,0.0,
324845015,,,,,,,,0.0
324918283,0.0,,0.0,0.0,,,,0.0
324925106,0.0,0.0,,,,0.0,,0.0
325033181,0.0,0.0,0.0,,0.0,0.0,,0.0
325090728,0.0,0.0,,,,0.0,,135000.0
325092328,,900082.0,770804.0,,,932001.0,,0.0
325156289,0.0,0.0,0.0,0.0,,0.0,,
325165595,,0.0,0.0,0.0,0.0,,,0.0
325222529,,,,,,,,0.0
325346435,0.0,0.0,,0.0,0.0,0.0,,0.0
325396471,,0.0,0.0,,,,1780000.0,
325413524,0.0,,,0.0,,0.0,,0.0
325437127,,,,,,,,
325517621,,963000.0,0.0,,,,,0.0
325569887,0.0,0.0,0.0,0.0,,,,
325664928,,0.0,,0.0,0.0,0.0,,
325820751,1685000.0,1396000.0,,,,,,1360000.0
325824183,0.0,0.0,,,,,,
325893790,0.0,0.0,0.0,,,0.0,,0.0
326034881,0.0,22674.0,,,,0.0,,
326036696,0.0,0.0,,,,,,0.0
326050044,,,,,,,,0.0
326102365,0.0,0.0,,,,,,0.0
326134699,333107.0,265466.0,0.0,0.0,,,453000.0,135380.0
326144821,0.0,0.0,,,0.0,0.0,0.0,
326171378,119987.0,,,,53038.0,,,86570.0
326312964,137496.0,,,,,410162.0,0.0,479491.0
326464344,0.0,0.0,0.0,0.0,0.0,,,0.0
326519717,,47390.0,26063.0,0.0,,,,
326577574,0.0,0.0,0.0,0.0,,,,0.0
326686979,0.0,0.0,0.0,0.0,0.0,,,0.0
326699659,0.0,0.0,,0.0,,0.0,,0.0
326714805,0.0,0.0,0.0,,0.0,,0.0,
326767597,0.0,,0.0,,0.0,0.0,,0.0
326780541,618000.0,0.0,,,,,,
326820065,14616000.0,12400000.0,12400.0,112000.0,137.0,16642000.0,15886000.0,
326890548,14913.0,,,23258.0,28568.0,29196.0,30638.0,0.0
326945102,0.0,0.0,,0.0,0.0,0.0,0.0,0.0
327084778,8431000.0,6696000.0,,,,,,11205000.0
327114526,0.0,,0.0,25211.0,,,,0.0
327153722,,,,,,,,1385000.0
327180493,130380.0,128355.0,126024.0,0.0,,142930.0,,854833.0
327205373,,0.0,0.0,,,,,0.0
327235289,0.0,0.0,0.0,34958.0,,,,0.0
327258943,,,,0.0,0.0,0.0,,0.0
327336103,0.0,0.0,,,,478000.0,,0.0
327467783,,0.0,0.0,0.0,0.0,0.0,,0.0
327503827,0.0,0.0,,,,,,0.0
327560223,109381.0,92298.0,0.0,,,,,86550.0
327733184,0.0,0.0,,,,0.0,,0.0
327744108,,,,,,,,0.0
327797999,0.0,0.0,0.0,0.0,0.0,0.0,,0.0
327852125,0.0,22794.0,0.0,,,,,0.0
327867925,0.0,0.0,,,,0.0,,0.0
327868659,,0.0,0.0,0.0,,,,
327932034,0.0,0.0,0.0,0.0,0.0,0.0,0.0,
327933131,0.0,0.0,,,,,,0.0
327985230,,,,452657.0,63366.0,0.0,,
328031042,,209000.0,,1195840.0,,0.0,,0.0
328062708,0.0,,,,,,,0.0
328089727,,,,,0.0,0.0,0.0,
328179957,670095.0,595893.0,578417.0,810086.0,1156993.0,,,437774.0
328195193,0.0,0.0,,,,,,0.0
328195607,232473.0,50940.0,0.0,,,0.0,0.0,159554.0
328202320,0.0,0.0,0.0,,,541542.0,,
328274410,0.0,0.0,,0.0,0.0,,,
328297841,378000.0,758000.0,,200000.0,207000.0,113000.0,151000.0,630305.0
328368857,0.0,0.0,,,,0.0,0.0,0.0
328409529,0.0,0.0,,0.0,0.0,0.0,,0.0
328539911,,,,0.0,,,,0.0
328541719,,0.0,0.0,,,,,
328544713,0.0,,,0.0,0.0,0.0,0.0,0.0
328566344,,0.0,46529.0,0.0,,,,
328581822,0.0,,,,,0.0,0.0,0.0
328593546,0.0,0.0,0.0,0.0,0.0,,0.0,0.0
328667159,,,,,,,,0.0
328703863,0.0,0.0,0.0,0.0,0.0,0.0,0.0,0.0
328779293,0.0,0.0,,,,,,0.0
328781174,49923.0,38954.0,40906.0,40617.0,,,,42005.0
328781786,0.0,0.0,,,,,,0.0
328834122,,,,0.0,,0.0,,0.0
328898564,,,,,,,,0.0
328959358,319011.0,223200.0,540000.0,552000.0,625000.0,685000.0,664000.0,333491.0
328959770,0.0,0.0,0.0,0.0,,0.0,,0.0
328983754,0.0,,,,,,,0.0
329035422,0.0,0.0,0.0,0.0,0.0,0.0,0.0,0.0
329073282,0.0,,,,,871000.0,,0.0
329121065,,,0.0,0.0,0.0,0.0,0.0,
329168033,0.0,,0.0,0.0,1269556.0,,,0.0
329186704,0.0,0.0,,0.0,0.0,0.0,0.0,0.0
329199533,0.0,0.0,,0.0,0.0,,0.0,
329208532,0.0,,,,,,0.0,
329310395,0.0,0.0,0.0,0.0,,,,0.0
329383426,38093.0,,14789.0,,,0.0,,39712.0
329403422,604991.0,0.0,0.0,0.0,0.0,0.0,0.0,505077.0
329449052,86439.0,0.0,22220.0,,,,,129119.0
329529614,0.0,0.0,0.0,0.0,0.0,0.0,0.0,0.0
329541411,167000.0,387332.0,,,,,,49000.0
329569248,8320.0,7473.0,,0.0,0.0,0.0,,5931.0
329653117,0.0,0.0,,0.0,0.0,0.0,,0.0
329727390,0.0,,,,,0.0,,474072.0
329746945,0.0,0.0,,,,,,
329816623,0.0,0.0,0.0,37000.0,113000.0,127000.0,143000.0,
329822514,,,,439000.0,,475000.0,,
329868848,0.0,0.0,0.0,,,,61000.0,167000.0
329936793,274097.0,,200808.0,,23299.0,34191.0,689837.0,0.0
330023656,83087.0,0.0,0.0,0.0,0.0,0.0,599667.0,0.0
330054180,0.0,0.0,19124.0,0.0,,0.0,0.0,0.0
330054925,0.0,0.0,0.0,0.0,0.0,0.0,,0.0
330076159,1287000.0,1227000.0,,,,,,1136000.0
330076472,0.0,0.0,0.0,0.0,0.0,0.0,0.0,
330084559,0.0,,0.0,0.0,0.0,,,
330129842,1748000.0,1767000.0,,1425000.0,1906000.0,1335000.0,,1494000.0
330160367,,0.0,,,122000.0,,164400.0,26000.0
330200411,,,,,,0.0,,
330221037,0.0,,0.0,,0.0,,,0.0
330229592,57826.0,,0.0,0.0,,,0.0,53693.0
330263948,77968.0,77968.0,0.0,0.0,0.0,0.0,0.0,77968.0
330265323,,,,,,,,712000.0
330447236,0.0,0.0,0.0,0.0,0.0,,,0.0
330496043,0.0,,0.0,0.0,0.0,2049000.0,0.0,0.0
330507419,733683.0,702809.0,781076.0,817718.0,993756.0,,,
330525825,0.0,,,77021.0,152721.0,677963.0,1306364.0,100000.0
330575887,124203.0,,,,,,,129354.0
330581083,,0.0,0.0,,0.0,0.0,,0.0
330589193,8079.0,,,0.0,0.0,,,0.0
330608191,37027.0,77182.0,86288.0,16668.0,81066.0,80158.0,78204.0,25785.0
330630872,,0.0,0.0,0.0,,0.0,,0.0
330631433,0.0,0.0,0.0,,0.0,,,0.0
330651571,0.0,240230.0,4739.0,14085.0,0.0,16376.0,,0.0
330727264,0.0,0.0,,,,,,
330763301,0.0,0.0,0.0,0.0,,,,0.0
330771528,0.0,0.0,0.0,0.0,,,,0.0
330884461,,,,,,0.0,,
330929522,78426.0,,0.0,0.0,0.0,0.0,,0.0
330980541,,,,,0.0,0.0,,0.0
330997552,0.0,0.0,,,0.0,,,0.0
331025569,,,,,0.0,0.0,,
331087288,,11428.0,0.0,0.0,0.0,0.0,0.0,
331170936,0.0,0.0,0.0,0.0,0.0,0.0,0.0,0.0
331203968,,,,,0.0,,,
331221150,,,,0.0,,0.0,,
331277590,0.0,41700.0,0.0,0.0,0.0,0.0,,0.0
331312108,10778000.0,218000.0,,,11860000.0,9310000.0,,8624000.0
331406637,1023000.0,,,,,,,617000.0
331407742,873296.0,347459.0,0.0,0.0,0.0,,0.0,
331408336,18000.0,,,775000.0,0.0,0.0,1470000.0,878000.0
331430306,72775.0,92737.0,,,,,,24010.0
331468223,0.0,0.0,0.0,0.0,,,,0.0
331517847,2398.0,,,,,32654.0,,7022.0
331518852,0.0,,0.0,,,,,0.0
331552489,75997.0,69591.0,80745.0,73047.0,81666.0,79301.0,70019.0,65518.0
331618520,0.0,0.0,0.0,0.0,0.0,0.0,0.0,0.0
331620385,,,,,162724.0,87873.0,0.0,0.0
331736918,43931.0,0.0,0.0,0.0,,0.0,0.0,
331785717,0.0,0.0,0.0,,,0.0,,0.0
331827816,0.0,,,22699500.0,,,,0.0
331900837,,,,,,0.0,113572.0,
331930081,,0.0,,,0.0,,0.0,208000.0
331980631,0.0,0.0,0.0,0.0,,,,
331983163,0.0,,,0.0,41.0,0.0,451619.0,0.0
332022334,0.0,0.0,,,,,,0.0
332051762,0.0,0.0,0.0,0.0,0.0,0.0,,0.0
332059518,190742.0,123396.0,,83280.0,,,,171569.0
332077270,0.0,,,,,0.0,,0.0
332108331,,0.0,,,,0.0,0.0,0.0
332110097,0.0,,,,,2370000.0,,0.0
332112382,0.0,0.0,,,0.0,0.0,,0.0
332138718,24459.0,0.0,,,,,,46535.0
332185818,0.0,0.0,0.0,0.0,,0.0,,0.0
332188259,0.0,0.0,0.0,0.0,0.0,,,0.0
332201664,142300.0,31400.0,,32000.0,388404.0,838309.0,0.0,0.0
332223361,0.0,0.0,,,,0.0,,0.0
332252980,950000.0,1945000.0,1307000.0,1817000.0,2120000.0,,,850000.0
332345594,,,,0.0,0.0,,,0.0
332360320,0.0,0.0,0.0,0.0,0.0,0.0,,0.0
332442730,0.0,,,0.0,,,,0.0
332455500,0.0,0.0,,0.0,0.0,,,0.0
332552686,0.0,0.0,,,,,,0.0
332589043,177444.0,154494.0,0.0,,,,,0.0
332617901,0.0,0.0,0.0,0.0,0.0,,,0.0
332639673,0.0,,0.0,,,,,0.0
332760933,61022.0,47914.0,0.0,0.0,,0.0,,55723.0
332944057,0.0,,,,11400.0,0.0,0.0,0.0
332965094,,,,0.0,0.0,,,
332975309,,,,0.0,,,,
332989953,0.0,0.0,0.0,72143.0,0.0,,0.0,807499.0
333021244,,,0.0,0.0,0.0,0.0,,27217.0
333088698,0.0,0.0,,0.0,,,,0.0
333101574,0.0,0.0,0.0,0.0,0.0,0.0,,0.0
333111615,0.0,0.0,0.0,0.0,0.0,0.0,,
333120434,0.0,307000.0,0.0,0.0,0.0,,,
333134799,,1207000.0,,,,1200000.0,100000.0,0.0
333150043,0.0,,,,,,,0.0
333223139,0.0,,,,,,,0.0
333336485,0.0,0.0,0.0,0.0,,,,0.0
333353738,,,,,,,,5345000.0
333361111,74088.0,,0.0,111958.0,9363.0,0.0,,7100000.0
333373108,,240000.0,111000.0,,,,,267000.0
333400604,,,,0.0,0.0,0.0,,0.0
333455400,0.0,0.0,0.0,,,0.0,,0.0
333502680,0.0,,,,,,,
333541993,0.0,0.0,0.0,0.0,0.0,0.0,0.0,0.0
333542827,,,0.0,0.0,0.0,0.0,,
333583755,179054.0,151556.0,0.0,,,,,156247.0
333591162,295570.0,238026.0,0.0,0.0,,,,253907.0
333593242,44613.0,,0.0,0.0,,0.0,,0.0
333675593,0.0,0.0,,,,,,94617.0
333707669,0.0,0.0,,,,,,630000.0
333760171,,118216.0,,,,,,
333784155,0.0,0.0,,,0.0,,,0.0
333784775,0.0,0.0,0.0,0.0,,,0.0,0.0
333802767,1792000.0,1627000.0,,,,,,1683000.0
333834562,,0.0,,0.0,0.0,,,0.0
333892982,,,,,,0.0,,
333916385,0.0,0.0,,,,,,0.0
333926954,0.0,0.0,0.0,0.0,,0.0,,0.0
333938975,0.0,0.0,0.0,0.0,0.0,,,0.0
333956282,0.0,11984.0,,,,,,75300.0
333974657,111914.0,98226.0,0.0,0.0,0.0,,,0.0
334067063,20538.0,0.0,,,,,,0.0
334097862,0.0,0.0,0.0,,,,,0.0
334119831,,,,,,,,0.0
334162583,144005.0,37217.0,,,116017.0,,,143953.0
334170990,204372.0,238868.0,,,,0.0,,103495.0
334193638,,0.0,0.0,64284.0,,,,0.0
334201027,0.0,0.0,,0.0,,,,0.0
334216751,0.0,0.0,0.0,0.0,0.0,0.0,,0.0
334225208,0.0,0.0,0.0,0.0,0.0,0.0,,0.0
334257672,,,,,,,,0.0
334267531,0.0,,0.0,0.0,0.0,,,0.0
334267945,0.0,0.0,0.0,,11156.0,,,100884.0
334281599,0.0,0.0,,0.0,,,,0.0
334300225,123653.0,,283817.0,,,,,0.0
334304300,,1371464.0,,1567022.0,1269798.0,3730990.0,,0.0
334365053,0.0,,,,,,,89448.0
334381746,0.0,0.0,0.0,0.0,0.0,0.0,,54112.0
334399904,0.0,0.0,0.0,0.0,0.0,,,0.0
334429834,60084.0,0.0,0.0,18000.0,,,,
334456886,87000.0,181000.0,,210000.0,216000.0,864952.0,,0.0
334474111,,67000.0,,,37000.0,36000.0,0.0,40000.0
334489143,,,,326166.46,,,0.0,
334536232,0.0,0.0,,0.0,0.0,0.0,0.0,0.0
334593746,0.0,,0.0,,,,,0.0
334748431,0.0,,,0.0,,,,
334782059,0.0,,,,,,,
334793239,0.0,0.0,0.0,,,0.0,,0.0
334818515,249000.0,150000.0,195000.0,,,,,229000.0
334820776,0.0,0.0,0.0,0.0,0.0,0.0,0.0,0.0
334822129,0.0,0.0,0.0,0.0,,,0.0,0.0
334835709,6097703.0,,,,,7064140.0,,6821594.0
334895885,0.0,0.0,,,,0.0,,3320.0
334922952,,,0.0,,0.0,,,
334924362,18930140.0,20292761.0,,,,,,19128423.0
334933884,0.0,,,,,,,0.0
334936085,3835.0,922.0,,426.0,395.0,88317.0,,3547.0
335005583,0.0,0.0,0.0,0.0,0.0,0.0,0.0,0.0
335035366,21796.0,16490.0,16794.0,18723.0,9282.0,,,86757.0
335060307,0.0,0.0,0.0,,0.0,0.0,0.0,0.0
335076014,276275.0,291634.0,,,,,,270497.0
335092318,991300.0,820330.0,,342662.0,,0.0,,398456.0
335117982,,0.0,0.0,,,0.0,0.0,
335173241,,,0.0,0.0,0.0,,,0.0
335183836,298750.0,0.0,73717.0,,,,,
335187696,,,,,,,,0.0
335255964,0.0,0.0,,,,,,0.0
335322525,30030.0,,,,,,,0.0
335324935,0.0,,,0.0,,,,0.0
335339131,0.0,0.0,0.0,0.0,16121.0,0.0,0.0,0.0
335339446,,,0.0,0.0,0.0,0.0,0.0,0.0
335481040,0.0,0.0,0.0,,0.0,0.0,0.0,
335780094,9170.0,14634.0,,47595.0,92793.0,57376.0,46096.0,4160.0
335820684,1088000.0,738000.0,592000.0,,,,,959000.0
336280409,,0.0,0.0,,,,,149695.64
337080063,,0.0,,,,0.0,,0.0
337498067,,0.0,,0.0,0.0,0.0,,0.0
337508147,0.0,0.0,0.0,0.0,0.0,0.0,,0.0
337519532,0.0,0.0,0.0,2364.0,,0.0,0.0,0.0
337520720,0.0,,,0.0,0.0,0.0,0.0,
337521397,0.0,179910.0,0.0,0.0,0.0,0.0,,
337589113,30351.0,0.0,,0.0,0.0,0.0,523194000.0,
337605463,184161.0,14227.0,,0.0,,,,0.0
337656094,0.0,0.0,0.0,0.0,,837.0,,445.0
337658686,0.0,0.0,0.0,,,,,
337680342,872000.0,863000.0,,,,1230000.0,,832000.0
337718860,0.0,0.0,11307.0,,,,,0.0
337732432,0.0,15220.0,0.0,0.0,,,,350000.0
337767040,543847.0,0.0,231010.0,260628.0,409124.0,289750.0,,0.0
337780944,0.0,,,0.0,0.0,0.0,,0.0
337791248,0.0,0.0,0.0,0.0,0.0,0.0,,0.0
337829378,0.0,0.0,0.0,0.0,0.0,0.0,,0.0
337858146,0.0,0.0,0.0,0.0,0.0,0.0,,0.0
337902910,31476.0,0.0,0.0,0.0,0.0,0.0,0.0,0.0
337924328,0.0,0.0,0.0,189935.0,284504.0,371260.0,,0.0
337958698,0.0,,,0.0,164926.0,,,0.0
338007909,0.0,0.0,0.0,0.0,0.0,,0.0,0.0
338034390,3175497.0,2925006.0,4130060.0,4707991.0,,3545962.0,,2423.0
338081722,0.0,0.0,7610.0,0.0,0.0,0.0,,0.0
338097066,0.0,0.0,0.0,0.0,0.0,0.0,0.0,0.0
338134737,2805304.0,,,,,,,2571565.0
338229347,0.0,0.0,0.0,0.0,,0.0,0.0,
338240260,,,,,0.0,0.0,0.0,
338329469,0.0,,,,,,,952000.0
338331820,0.0,,0.0,0.0,0.0,,,
338346901,,,0.0,0.0,,,,
338353758,0.0,42000.0,39000.0,0.0,,0.0,0.0,0.0
338375876,582681.0,544042.0,584210.0,,,594352.0,,758455.0
338396641,,0.0,,,,0.0,0.0,0.0
338446628,0.0,0.0,0.0,0.0,0.0,0.0,0.0,0.0
338460017,0.0,0.0,,,,,,0.0
338477896,,,,65842.0,,,,21730.0
338481955,30631000.0,0.0,7533000.0,6509000.0,92553.0,0.0,7785000.0,19551000.0
338485899,0.0,,,0.0,,,,0.0
338500713,,,,,95387.0,37782.0,,38605.0
338525223,0.0,0.0,0.0,0.0,0.0,0.0,,0.0
338578586,0.0,,0.0,,,,0.0,0.0
338702202,0.0,0.0,0.0,0.0,0.0,0.0,,0.0
338731326,0.0,0.0,0.0,159000.0,168000.0,32000.0,64000.0,
338751092,0.0,,,0.0,0.0,0.0,0.0,
338753817,0.0,,0.0,0.0,,,,
338827991,0.0,0.0,,,,,,0.0
338864572,0.0,0.0,0.0,0.0,0.0,0.0,,0.0
338864770,369640.0,227547.0,,,,290103.0,178658.0,661823.0
338898869,260000.0,,,,,,,476000.0
338924863,0.0,,16924.0,17007.0,13771.0,13824.0,1800.0,0.0
339018913,0.0,0.0,,,,,,0.0
339064354,0.0,1052929.0,0.0,0.0,0.0,,,0.0
339076333,0.0,0.0,0.0,0.0,0.0,0.0,,0.0
339110611,0.0,136791.0,0.0,0.0,0.0,0.0,,
339119075,0.0,0.0,,0.0,0.0,,,0.0
339135360,0.0,4432.0,,,,0.0,,0.0
339138638,0.0,0.0,,218238.0,162790.0,199561.0,,
339186330,85079.0,,0.0,,,,0.0,0.0
339200347,0.0,0.0,0.0,0.0,0.0,,,
339450132,0.0,0.0,,,,,,0.0
339480352,0.0,0.0,0.0,0.0,,,,0.0
339488777,360871.0,,,,,,,
339495038,,,,,,0.0,,0.0
339533796,,0.0,0.0,0.0,0.0,0.0,,
339577298,0.0,0.0,0.0,0.0,0.0,0.0,,0.0
339590028,0.0,6257.0,0.0,0.0,0.0,,,0.0
339612491,,430128.0,403415.0,,,,1059399.0,
339612905,,0.0,0.0,,0.0,,,
339618175,,,,,,,,0.0
339635435,129535.0,,,227172.0,,,0.0,120178.0
339646630,,,,,,,,127000.0
339661217,,,,,,,,0.0
339688335,0.0,0.0,0.0,0.0,0.0,0.0,0.0,0.0
339695231,9209108.0,,,,,,,7304079.0
339704496,0.0,0.0,0.0,,,0.0,0.0,0.0
339705782,79576.0,,,0.0,0.0,0.0,,146417.0
339707143,36530.0,0.0,,0.0,0.0,,,0.0
339722670,,,,,454265.0,,,272926.0
339743270,80000.0,,,,,80000.0,0.0,94924.0
339746869,,,,0.0,0.0,0.0,,
339769044,0.0,0.0,0.0,0.0,0.0,0.0,0.0,0.0
339784894,,0.0,0.0,0.0,0.0,0.0,,
339787277,189042.0,0.0,,115500.0,0.0,,,0.0
339788713,0.0,0.0,,0.0,0.0,1273000.0,1470000.0,878000.0
339796617,405876.0,564300.0,0.0,0.0,0.0,0.0,0.0,
339799058,0.0,0.0,0.0,0.0,0.0,0.0,,0.0
339809527,0.0,0.0,,0.0,0.0,0.0,0.0,0.0
339864753,,,,,,0.0,,0.0
339875817,0.0,0.0,,,,2246.84,,0.0
339918492,34842.0,43574.0,0.0,0.0,0.0,0.0,,0.0
339946469,1500000.0,1700000.0,,,,,,2080000.0
340137736,,0.0,93466.0,91766.0,79206.0,36205.0,37375.0,0.0
340161595,298587.0,1081935.0,,,,,,0.0
340175777,0.0,962469.0,,,,,,0.0
340303304,,,,,0.0,0.0,0.0,0.0
340333590,0.0,0.0,,0.0,0.0,,0.0,
340412329,0.0,0.0,,0.0,,,0.0,
340476944,31158.0,,,,,0.0,,0.0
340546993,1799036.0,3572087.0,,,,,,0.0
340553163,0.0,0.0,0.0,0.0,0.0,0.0,,
340564798,0.0,0.0,0.0,104810.0,24797.0,46460.0,0.0,
340565423,0.0,,,,,,,0.0
340571728,0.0,0.0,0.0,0.0,,0.0,,0.0
340573013,0.0,63730.0,0.0,0.0,0.0,0.0,,0.0
340598978,290000.0,,141000.0,,738000.0,,,327000.0
340620368,0.0,0.0,,,,,,107349.0
340624147,,,,,,,0.0,
340641216,823000.0,0.0,441016.0,0.0,0.0,0.0,0.0,
340709534,7123000.0,,,,,,5202000.0,8422000.0
340793959,,0.0,,,,,,
340824416,0.0,0.0,0.0,0.0,0.0,0.0,,0.0
340869353,130000.0,0.0,,,,,,60000.0
340889476,,,,304824.0,383118.0,,,
340935873,0.0,0.0,0.0,0.0,2040.0,0.0,,0.0
340939529,0.0,0.0,0.0,0.0,0.0,0.0,,0.0
340947969,,0.0,0.0,0.0,0.0,0.0,,42795.0
340959600,0.0,187694.0,,0.0,,,,
340983030,9313.0,10136.0,23527.0,27260.0,28503.0,,,0.0
341052686,0.0,0.0,0.0,,0.0,,,
302654173,,,0.0,,,,,
302694922,,,,,,0.0,,
302695432,,0.0,,,,,,
302696364,,,,,,,,0.0
302698873,,,,,,,394783.0,
302755418,,0.0,0.0,,,,,
302768296,,,0.0,,,,,
302814389,,0.0,,,,,,
341092195,0.0,0.0,,,,,0.0,5863000.0
341133155,,,,0.0,,,0.0,
341148823,0.0,,0.0,0.0,0.0,53453.0,0.0,150886.0
341206183,,,,,,,,0.0
341307304,,,0.0,0.0,,3000.0,,
341309102,0.0,0.0,0.0,0.0,,0.0,,0.0
341356350,,0.0,0.0,,,,,
341358141,0.0,,,,,,,
341415313,,,,,,,,5400.0
341437291,,,,0.0,0.0,,,0.0
341459386,,,,,,,,13267000.0
341473841,0.0,0.0,,,,,0.0,
341501682,,,0.0,0.0,0.0,,,
341532885,,,,,,,,0.0
341545002,,0.0,0.0,,,0.0,,
341697639,325000.0,,,,,254000.0,,
341765295,,,,,,,4600000.0,
341789139,0.0,,,,,,,
341811297,0.0,,0.0,,,,,0.0
341817609,,0.0,,,,,,0.0
342008612,,,,,,,0.0,
342012390,47000.0,35000.0,,0.0,,,,61000.0
342014990,,,0.0,,89850.0,,92897.0,
342021805,,,,,0.0,0.0,,0.0
342047560,0.0,,,0.0,,,,0.0
342058575,,,,0.0,,,,0.0
342100120,,,,0.0,0.0,,,
342157898,,0.0,,0.0,,,,
342174018,0.0,,0.0,0.0,0.0,,,
342176443,,,,0.0,,,0.0,
342192150,3985000.0,,,,,,,
342221736,,,0.0,,,,,
342293628,57552.0,39515.0,,,,,,0.0
342299369,0.0,,0.0,0.0,,,,0.0
342348695,0.0,,,,0.0,,0.0,
342349263,0.0,0.0,,,,,,
342391844,379000.0,,,,,0.0,,
342412434,236000.0,151000.0,,,,,,
342434156,,,215991.0,,677503.0,,,0.0
342438785,,,,,,,,758000.0
342459708,,,,,0.0,,,0.0
342466174,0.0,0.0,,,,,,
342482445,,,,,,,,0.0
342500188,0.0,,,,,,,
342500956,0.0,,474000.0,,,,,
342504297,,,,,2003000.0,,,
342504412,94499.0,,,,,,,205811.0
342544004,,0.0,0.0,0.0,0.0,0.0,,
342591286,,,,,0.0,0.0,0.0,0.0
342639135,,,,,36760.0,,,0.0
342646957,,0.0,0.0,,,,,0.0
342654357,,,,,,181721.0,,67387.0
342667466,,0.0,0.0,,0.0,,,0.0
342731254,0.0,,0.0,,,0.0,,0.0
342732351,,,0.0,0.0,,,,0.0
342752185,,0.0,,,0.0,,,0.0
342761095,0.0,0.0,0.0,0.0,0.0,,,0.0
342807310,,,0.0,0.0,,,,
342853322,0.0,,0.0,,,,,
342925260,0.0,0.0,,0.0,,,,
342967080,,0.0,,,0.0,0.0,,
342972320,,,,,,0.0,,
342983566,,,,0.0,0.0,,0.0,32669.0
343007225,0.0,,,0.0,,,0.0,0.0
343015798,,,0.0,,0.0,,,
343022646,0.0,41266.0,0.0,,0.0,0.0,,
343044830,0.0,,0.0,,0.0,0.0,0.0,0.0
343090734,0.0,,0.0,,0.0,0.0,0.0,0.0
343092540,0.0,,,,,,,
343139325,,,,637393.0,,,,
343222311,0.0,,0.0,0.0,0.0,0.0,,
343234142,,0.0,,0.0,,0.0,,0.0
343238853,197400.0,,148586.0,,125480.0,111219.0,,153235.0
343266854,0.0,0.0,,,,,,
343291464,,,0.0,,,,0.0,
343300059,,,,,,,,0.0
343353447,,,,,,,,
343366068,77000.0,0.0,,0.0,,0.0,,0.0
343385696,,0.0,,0.0,,,,
343407987,,,,,,,,0.0
343552287,0.0,,,,0.0,,,
343584207,0.0,,0.0,0.0,,,,
343592762,,,,0.0,0.0,0.0,,0.0
343696746,,,,,,,,0.0
343739280,0.0,0.0,,,,,0.0,
343758645,0.0,,,,,,,
343762563,0.0,,,,,0.0,,
343780920,19358.0,,0.0,0.0,0.0,,,
343803300,0.0,,,0.0,0.0,0.0,0.0,
343852836,,,0.0,,,,,
343967527,,66000.0,,,,,,
343979092,,,,0.0,,,,0.0
343992400,0.0,0.0,,,,,,
344011705,0.0,0.0,,,,,,0.0
344097902,,,492399.0,543090.0,,,,
344109285,2354.0,,,0.0,,,,0.0
344122262,,,,,0.0,,0.0,0.0
344126602,285966.0,353809.0,,,,,,
344198825,,,0.0,,0.0,,,0.0
344237011,264442.0,0.0,37251.0,0.0,,,,0.0
344237276,,,,,,0.0,,0.0
344297775,,,,,,0.0,,
344347232,,,,,,6990995.0,,6720833.0
344374186,0.0,,,0.0,,,,0.0
344394309,,,858176.0,,,,,948885.0
344436225,7940000.0,,,,,,,7074000.0
344472246,,,,,,,,87472.0
344545645,,,0.0,,,0.0,,
344600176,0.0,,,,0.0,,,
344613781,,,,,,,,0.0
344657655,,,,,,0.0,,
344695549,0.0,,0.0,0.0,0.0,,,0.0
344713839,0.0,,,,,,,0.0
344738422,,0.0,,,,0.0,,
344749817,,,0.0,,,,,
344766258,0.0,0.0,,,,,,
344830377,0.0,,,,,0.0,,
344844998,,,,,,0.0,900000.0,2700000.0
344997580,,,,2950919.0,,,,2012459.0
345004147,209087.0,,,,,,,181150.0
345039416,0.0,0.0,,,,,,0.0
345047419,,0.0,,,,,,0.0
345047690,0.0,0.0,0.0,22987.91,,,,0.0
345048433,0.0,0.0,0.0,,0.0,,,
345059471,,,,,,,,11399.0
345069793,0.0,0.0,0.0,0.0,,,,
345081459,,576170.0,605498.0,,,1249267.0,,
345099360,0.0,0.0,0.0,,0.0,,,
345119184,,141011.0,0.0,0.0,,,0.0,0.0
345148514,0.0,,0.0,,,,0.0,
345175772,235321.0,,397982.0,,,,,
345183917,,0.0,,,,0.0,,0.0
345222673,,0.0,0.0,0.0,,0.0,,
345243125,,,0.0,0.0,0.0,,,
345288021,0.0,,,,,,,
345355622,,0.0,,0.0,,,0.0,
345362404,0.0,,0.0,0.0,,,,0.0
345408272,109529.0,,,,0.0,,,
347406407,,,,,,,,0.0
347582231,,,,0.0,,,,
347593691,,18710.0,,,,,,
347621831,105933.0,,0.0,,,,,
347644817,,0.0,,,,0.0,,
347683401,,,,0.0,,,,0.0
347685026,,,,171000.0,,,0.0,102000.0
347721482,,,,0.0,0.0,64122.0,63684.0,
347732778,,,1880.0,,0.0,,,0.0
347758559,0.0,,,0.0,,0.0,,0.0
347793754,,,0.0,,0.0,0.0,0.0,
347812281,31504.55,,,,,,,
347835274,,0.0,,,,0.0,,
347839193,0.0,,,,,0.0,,
347851800,,,0.0,,0.0,,,
347884280,0.0,,,0.0,,,,
347897985,381585.0,,0.0,,,,,0.0
348011982,,8757.0,,,,0.0,,
348112467,,,0.0,,,,,
348181736,,0.0,,,,,,0.0
348192188,0.0,0.0,,0.0,,,,
348195199,74545.0,,,,,,,0.0
348339417,,,0.0,0.0,,,,
348390626,,,,,,241706.0,250477.0,
348418732,0.0,0.0,,,0.0,0.0,0.0,0.0
348430638,0.0,,,,,,0.0,
348444712,0.0,0.0,,,,,,
348481813,,,,,,,0.0,
348497769,,,,,,0.0,,
348540535,,,,,,,,0.0
348552415,0.0,,0.0,0.0,,0.0,,0.0
348607417,,,,,,,,8523000.0
348649393,0.0,,,0.0,0.0,,,
348703299,0.0,,1382000.0,,,,,
348731050,,0.0,,0.0,,0.0,0.0,0.0
348736844,50880.0,0.0,,,0.0,,,
348739764,,0.0,,,,,,
348824384,0.0,,,,,,,
348865197,,,,,,0.0,,0.0
348866799,,,227284.0,0.0,,,,99237.0
348909458,,,,,0.0,,,
348942624,,,,0.0,,,,
348991241,,,0.0,,0.0,,0.0,
349048348,0.0,0.0,0.0,,,0.0,,
349077941,,96565.0,,0.0,0.0,0.0,0.0,83930.0
349078097,,,0.0,0.0,0.0,,0.0,127339.0
349103531,389800.0,469605.0,393785.0,,253256.0,274593.0,,418936.0
349165290,0.0,,,,0.0,0.0,,
349166561,2666838.0,3524848.0,,,,3067441.0,,1992348.0
349190108,0.0,,,98319.0,,83700.0,,
349242420,0.0,,,,,,,
349273045,0.0,,0.0,,0.0,,,
349276204,0.0,,0.0,,,,,0.0
349357343,2758536.0,2220.0,2000000.0,1900000.0,,,,
349366450,0.0,,,,,0.0,,
349387050,,0.0,,0.0,,,,0.0
349403089,,,,0.0,,,,
349462192,,184684.0,0.0,,,,,0.0
349503151,,,,0.0,0.0,,,
349505370,0.0,0.0,,,,,,29000000.0
349516005,,,,,,,,0.0
349528356,,,,,,,,0.0
349555540,,45042.0,,,,0.0,0.0,
349565986,,,0.0,0.0,,,,
349617084,,0.0,,,,,,0.0
349677252,0.0,,413701.0,,0.0,,0.0,354584.0
349710046,0.0,,,,,,,0.0
349758912,0.0,0.0,,,,,,0.0
349760918,810719.0,,,,,,,
349769604,,0.0,,0.0,,0.0,,
349807164,0.0,,,0.0,,,0.0,
349818336,,,,,,0.0,,
349993535,,,,,,,0.0,
350039418,831284.0,,,,,,,
350066882,,0.0,,0.0,,,,0.0
350077368,,,14634.0,0.0,,0.0,,687396.0
350082285,,0.0,0.0,0.0,,,,0.0
350096277,,,,,,,10000.0,0.0
350135984,0.0,,,0.0,,,,
350142071,,,,0.0,,0.0,,225354.0
350143921,,166140.0,,0.0,,0.0,0.0,0.0
350155024,0.0,,,82000.0,,,115000.0,34000.0
350158713,,275673.0,,,,,,0.0
350171468,,0.0,0.0,0.0,,,,
350173894,0.0,0.0,,,,,,0.0
350193140,0.0,,,0.0,,,,
350219382,0.0,,,78000.0,82.0,,,0.0
350257606,,,0.0,,,,0.0,0.0
350283016,,,0.0,,44326.0,63681.0,,
350324695,0.0,,,,,,,
350357596,0.0,,,,,,,0.0
350359642,,0.0,,,,,,
350359808,,,,,0.0,0.0,,0.0
350399101,0.0,,,,,,,0.0
350435632,,0.0,0.0,,0.0,0.0,,0.0
350464731,,130791.0,120929.0,,,,,
350494761,,,0.0,,,,,
350504817,,,,887096.0,,,1399448.0,
350544896,,0.0,,,,0.0,0.0,
350562922,,,,,,,0.0,
350624102,,,,,,,,0.0
350664025,,0.0,,,,0.0,0.0,
350735700,,,0.0,,0.0,,0.0,
350786950,,,,,,,,0.0
350807947,,,,,,0.0,,0.0
350859559,,0.0,0.0,0.0,,,,0.0
350952222,,0.0,,0.0,,,0.0,
351004270,,0.0,0.0,,,,,
351005582,,128000.0,,,,343777.0,,0.0
351008735,52693.0,,,,,,,
351130489,0.0,,,,,0.0,,0.0
351151196,,,,,0.0,,,
351153002,,,,,229472.0,0.0,,0.0
351156724,0.0,,,,,0.0,,0.0
351205406,,83.0,,,,,,0.0
351211263,0.0,,,,,,,0.0
351216759,,0.0,,,,,,0.0
351305180,639592.0,598383.0,,,,,,588952.0
351308747,,,0.0,,0.0,,,0.0
351309984,0.0,,,,,,,110000.0
351342399,,,,0.0,,0.0,,0.0
351355680,0.0,,,,,,,0.0
351363270,,0.0,,0.0,0.0,,,0.0
351372677,426037.0,441669.0,,,,284495.0,,396631.0
351412028,9469.0,0.0,,,,,,
351422183,0.0,0.0,,,,0.0,,
351425921,0.0,0.0,,,,0.0,,
351440177,,83344.0,,,,,,
351457312,,,,0.0,0.0,,,
351468277,0.0,0.0,,0.0,,0.0,0.0,
351482203,,,0.0,,,16027502.0,,0.0
351500368,0.0,,,0.0,,,,0.0
351521778,,0.0,,0.0,,,,
351563978,174000.0,,,,,,,
351606314,0.0,,0.0,0.0,0.0,0.0,,0.0
351607460,,,,0.0,0.0,0.0,,0.0
351637889,,,,614207.0,51043.0,,,
351665427,,,,,,,0.0,
351667928,,,,177000.0,,,,
351723440,,,,1208594.0,,,,1449598.0
351786678,,0.0,,,,,,0.0
351812698,0.0,0.0,,17698.0,,81440.0,,
351865514,,,0.0,,,,,0.0
351909536,,0.0,0.0,0.0,,0.0,0.0,328938.0
351914379,367000.0,317000.0,369000.0,241000.0,,307000.0,,
351918198,,0.0,0.0,,,,,
352033914,0.0,,,,,0.0,,
352045595,,0.0,0.0,,,,,0.0
352050512,0.0,,,,,,,
352110191,0.0,,,0.0,,,,0.0
352158828,,0.0,,0.0,,,,0.0
352165047,,,,,,,,0.0
352176721,,3478619.0,,,,,,
352235733,,,0.0,,29950.0,,,
352279814,,0.0,,0.0,0.0,0.0,,0.0
352300321,0.0,,,,0.0,,,
352304224,,,0.0,,,,,
352312904,0.0,,,0.0,0.0,,,
352333926,204.0,,,,,,,0.0
352383715,0.0,,13000000.0,10.0,0.0,,,0.0
352481071,0.0,,,,,,,0.0
352512479,,,0.0,,,,,27681.0
352588727,0.0,,,0.0,0.0,0.0,,0.0
352600209,1104091.0,,1720850.0,1771359.0,1328445.0,,,
352660500,,,,,,,,0.0
352677033,,,,,,,0.0,0.0
352684252,0.0,,,,0.0,,0.0,
352690069,,,0.0,,0.0,,,345327.0
352704746,,0.0,,,,0.0,0.0,
352715197,,,,,,1105202.0,,0.0
352776520,0.0,0.0,,,,,,
352779292,0.0,0.0,,,,,,
352789804,,0.0,,,,,,0.0
352800296,,0.0,,0.0,,0.0,,
352801757,,,,,,,0.0,
352815955,,,,,,0.0,,
352823611,,,,,,,,0.0
352840136,,0.0,,0.0,,0.0,,
352840458,,0.0,,0.0,,,0.0,
352847248,,0.0,,,0.0,,,0.0
352862387,,,,,,0.0,,0.0
352874911,,0.0,0.0,0.0,,,,0.0
352897870,0.0,,,,,0.0,,
352905707,2846000.0,3506344.0,,,,,,1600000.0
352914592,0.0,0.0,818917.0,0.0,,,,0.0
352914790,28677.0,24973.0,,,0.0,0.0,0.0,27422.0
352916480,,0.0,0.0,0.0,0.0,,,
352916902,,0.0,,,0.0,0.0,,0.0
352947246,,,,,,,0.0,
352948434,397770.0,,678000.0,52540.0,395000.0,,,489076.0
352979090,,0.0,0.0,0.0,,,,
353121031,0.0,,,,,,,0.0
353150261,2394248.0,,,,,,,
353167398,0.0,,,,,,,
353189848,,,,412897.0,453209.0,,,
353206139,0.0,0.0,,0.0,0.0,,,
353215890,0.0,,,,,,,
353222623,0.0,,,,,,,
353259922,,,,,,0.0,,0.0
353298656,241917.0,,,,245891.0,,,
353303522,,0.0,,,,,,
353305576,0.0,,,,,,0.0,0.0
353312689,,149831.0,,105599.0,,,,
353317613,0.0,,,,0.0,,,
353348717,,,0.0,,,,,
353361348,0.0,0.0,0.0,0.0,,,,
353451602,0.0,,,,,,,
353508443,0.0,,,,,84000.0,,0.0
353522204,,,,,,,,0.0
353551047,,,,,,,,0.0
353661614,,0.0,,,,,,
353668924,,,,,,,,0.0
384546529,,,,,,,,0.0
