siren,2016_CIR,2017_CIR,2018_CIR,2019_CIR,2020_CIR,2021_CIR,2022_CIR,2023_CIR
700802135,0.0,0.0,111769.0,0.0,0.0,0.0,0.0,0.0
702001785,438329.0,175109.0,3347413.0,3592709.0,1886422.0,0.0,1305663.0,0.0
702006099,oui,0.0,0.0,0.0,0.0,0.0,0.0,114121.0
702012956,0.0,oui,101190000.0,19000000.0,29553375.0,25309149.0,14775175.0,
702025917,0.0,0.0,0.0,0.0,0.0,0.0,0.0,0.0
702027491,189268.0,170181.0,172025.0,125008.0,158920.0,,288000.0,
702030008,5625.0,0.0,0.0,0.0,0.0,0.0,0.0,0.0
702037375,0.0,0.0,0.0,0.0,0.0,0.0,0.0,
702042755,5509294.0,5507305.0,7365000.0,10422295.0,13556006.0,16015415.0,14056855.0,7828054.0
702051905,17702.0,8040.0,48487.0,43595.0,0.0,0.0,0.0,0.0
702052333,0.0,0.0,0.0,0.0,0.0,0.0,0.0,
703780262,0.0,0.0,0.0,0.0,,,,
705580223,0.0,0.0,0.0,0.0,0.0,0.0,0.0,0.0
708500897,314136.0,291389.0,319340.0,261892.0,58159.0,255729.0,755.0,238663.0
709201586,0.0,0.0,0.0,0.0,0.0,0.0,0.0,0.0
709802557,7003.0,24227.0,35025.0,13402.0,0.0,0.0,0.0,0.0
709806079,0.0,0.0,0.0,651000.0,326000.0,329000.0,522600.0,255000.0
709806624,0.0,0.0,0.0,585163.0,0.0,0.0,0.0,0.0
709807408,250000.0,408008.0,261169.0,186009.0,266500.0,226587.0,32710.0,0.0
709900245,0.0,0.0,0.0,0.0,0.0,0.0,0.0,0.0
712000272,190000.0,171000.0,69000.0,217000.0,162000.0,82000.0,293000.0,251000.0
712012830,,0.0,0.0,0.0,0.0,0.0,0.0,
712014596,,,,0.0,0.0,,,
712019538,14988000.0,0.0,13522.0,0.0,5424000.0,8233000.0,0.0,0.0
712023043,0.0,0.0,0.0,,,,,
712034818,,0.0,,0.0,0.0,0.0,,
712036276,0.0,0.0,41000.0,0.0,0.0,141000.0,0.0,0.0
712042456,34438000.0,0.0,31198000.0,32571000.0,33461000.0,33651.0,32493.0,33014000.0
712049618,0.0,217000000.0,0.0,0.0,229.0,0.0,0.0,0.0
712051382,,0.0,0.0,0.0,0.0,0.0,0.0,0.0
713002269,0.0,61000000.0,54000000.0,44000000.0,47000000.0,42.0,42000000.0,44100000.0
713680734,,546885.0,1815646.0,0.0,619000.0,610000.0,1460285.0,1386572.0
713850063,,,,,,,0.0,0.0
715420105,240438.0,291923.0,413417.0,71785.0,45577.0,152213.0,184482.0,65931.0
716420435,,0.0,0.0,0.0,0.0,0.0,0.0,0.0
716720248,91146.0,0.0,0.0,0.0,0.0,196632.0,,
717180087,,,,,,0.0,0.0,0.0
718504236,0.0,0.0,0.0,0.0,0.0,0.0,0.0,0.0
718800501,0.0,0.0,0.0,0.0,0.0,0.0,0.0,
719803249,125622.0,109082.0,76628.0,149515.0,55367.0,0.0,77272.0,0.0
720501410,1127079.0,1214000.0,1012000.0,1501000.0,1179000.0,1854000.0,2560000.0,2386000.0
720800689,1028000.0,1025000.0,2115733.0,1333942.0,1495909.0,846708.0,766651.0,766651.0
720801828,0.0,0.0,,,0.0,0.0,0.0,
720802529,0.0,725000.0,78000.0,0.0,30000.0,0.0,,0.0
720804012,0.0,0.0,21000.0,35000.0,,0.0,0.0,0.0
722000056,0.0,106329.0,84319.0,0.0,0.0,0.0,0.0,0.0
722003464,0.0,267000.0,263599.0,,,,,
722013174,oui,,0.0,0.0,0.0,0.0,0.0,418021.0
722014974,0.0,0.0,0.0,0.0,0.0,0.0,0.0,0.0
722017290,0.0,0.0,0.0,0.0,0.0,0.0,0.0,0.0
722031176,0.0,0.0,0.0,0.0,0.0,33374.0,17028.0,0.0
722045556,2318000.0,18988000.0,6961961.0,6848821.0,6330405.0,6415268.0,17340000.0,3743000.0
722045879,4209000.0,4492000.0,3603000.0,2924000.0,3249000.0,3098000.0,3234000.0,3040000.0
722047651,0.0,0.0,0.0,0.0,0.0,,0.0,0.0
722049129,0.0,0.0,0.0,56111.0,0.0,0.0,0.0,0.0
722060282,,0.0,0.0,0.0,0.0,0.0,0.0,0.0
722063427,0.0,0.0,0.0,0.0,0.0,0.0,0.0,
722721339,92000.0,640790.0,0.0,717000.0,691000.0,738000.0,427000.0,723000.0
722820503,,,,,,,96977.0,
723720140,0.0,0.0,0.0,203596.0,0.0,0.0,0.0,812000.0
723820056,0.0,38853.0,76183.0,107045.0,35130.0,107217.0,75213.0,
725781082,0.0,86000.0,3066000.0,0.0,17090.48,0.0,0.0,0.0
727050080,1280378.0,1647066.0,0.0,0.0,468906.0,409637.0,466593.0,537673.0
728202045,280000.0,14142.0,oui,oui,0.0,0.0,100000.0,98686.0
728202417,0.0,0.0,0.0,136433.0,144356.0,0.0,0.0,0.0
728501271,0.0,0.0,0.0,0.0,,,0.0,
729201590,0.0,0.0,0.0,,36411.0,44757.0,0.0,0.0
729802579,412000.0,0.0,0.0,0.0,360000.0,402000.0,385584.0,0.0
731720074,,140000.0,129000.0,49000.0,60811.0,90244.0,68917.0,162951.0
732032271,52000.0,0.0,6744.0,0.0,0.0,0.0,0.0,
732050034,0.0,1887000.0,0.0,714909.0,601500.0,0.0,0.0,730500.0
732075312,1920900.0,258062.0,984441.699,13195595.0,4361885.0,2663445.0,,1301323.0
733850028,12523.0,22863.0,,17625.0,0.0,0.0,0.0,
736250077,0.0,0.0,0.0,0.0,0.0,0.0,,
738200716,179226.0,100000.0,0.0,0.0,0.0,22488.0,0.0,
739804052,2991095.0,0.0,,,,,,
739807568,0.0,0.0,0.0,0.0,0.0,0.0,0.0,0.0
745480178,0.0,159238.0,0.0,,,,,
745520874,23000.0,0.0,22000.0,0.0,0.0,0.0,0.0,0.0
745521070,0.0,0.0,0.0,250000.0,0.0,0.0,0.0,0.0
745780387,0.0,0.0,0.0,77952.0,0.0,0.0,0.0,0.0
746150358,82686.0,0.0,0.0,87260.0,69236.0,0.0,81189.0,68765.0
746320290,181990.0,0.0,0.0,0.0,0.0,0.0,15335.0,0.0
747220309,717000.0,682000.0,1145000.0,,775000.0,674000.0,640000.0,491000.0
749811881,0.0,0.0,0.0,0.0,0.0,0.0,0.0,0.0
749835914,0.0,0.0,0.0,0.0,0.0,0.0,,0.0
749843090,,,,0.0,0.0,,0.0,0.0
749886982,0.0,0.0,0.0,0.0,0.0,0.0,0.0,0.0
749988838,0.0,0.0,0.0,0.0,0.0,0.0,0.0,0.0
750004863,0.0,0.0,0.0,,,,0.0,
750059354,21907.0,0.0,0.0,,0.0,0.0,0.0,0.0
750079931,0.0,0.0,0.0,0.0,0.0,0.0,0.0,0.0
750112971,,,,0.0,0.0,0.0,0.0,
750230393,,,0.0,143131.0,,,,
750377350,0.0,0.0,0.0,0.0,0.0,0.0,0.0,0.0
750521684,0.0,,,,,0.0,0.0,
750560260,0.0,0.0,26374.0,0.0,0.0,0.0,0.0,0.0
750600488,,0.0,0.0,0.0,0.0,0.0,0.0,0.0
750600561,,0.0,0.0,0.0,0.0,0.0,0.0,0.0
750600702,,0.0,0.0,0.0,0.0,0.0,0.0,0.0
750600819,,0.0,0.0,0.0,0.0,0.0,0.0,0.0
750600942,,0.0,0.0,0.0,0.0,0.0,0.0,0.0
750601015,,0.0,0.0,0.0,0.0,0.0,0.0,0.0
750769820,0.0,0.0,0.0,0.0,0.0,0.0,0.0,0.0
750791931,0.0,0.0,0.0,0.0,0.0,0.0,0.0,0.0
750850687,0.0,0.0,12577.0,7711.0,6145.0,11848.0,0.0,0.0
750856114,,,,,0.0,859187.0,oui,0.0
750856379,0.0,0.0,0.0,0.0,0.0,0.0,0.0,0.0
750885667,,,0.0,0.0,,0.0,0.0,0.0
750963977,0.0,0.0,0.0,0.0,0.0,,,
751037797,0.0,0.0,0.0,0.0,0.0,,,
751056102,0.0,0.0,17847.0,77848.0,0.0,0.0,0.0,4400.0
751150442,0.0,0.0,0.0,0.0,0.0,0.0,,0.0
751162694,0.0,0.0,0.0,0.0,0.0,0.0,0.0,0.0
751222100,0.0,,50172.0,34513.0,0.0,0.0,0.0,0.0
751319724,0.0,0.0,0.0,0.0,0.0,0.0,0.0,0.0
751393414,0.0,0.0,0.0,0.0,0.0,0.0,0.0,0.0
751411141,,,0.0,0.0,0.0,0.0,0.0,0.0
751652934,99636.0,196736.0,,,,,174388.0,197535.0
751708629,,,,,,,,0.0
751715707,,,,,,,0.0,
751818550,0.0,0.0,0.0,0.0,0.0,0.0,0.0,0.0
751895616,,,,,3909015.0,2952772.0,337172.0,0.0
751927534,0.0,0.0,345000.0,0.0,0.0,0.0,0.0,
751930264,46000.0,55000.0,0.0,312249.0,0.0,0.0,0.0,0.0
752033100,,0.0,0.0,0.0,0.0,0.0,0.0,0.0
752108134,248000.0,4599235.0,446000.0,4804000.0,4710000.0,4458000.0,2869000.0,2700000.0
752136341,,,,0.0,0.0,0.0,0.0,0.0
752283739,0.0,0.0,0.0,0.0,,0.0,292188.0,374023.0
752292797,77592.0,0.0,361541.0,299291.0,119405.0,0.0,463459.0,468985.0
752344978,,,,,0.0,0.0,0.0,
752365098,0.0,5253.0,0.0,7688.0,0.0,14384.0,16792.0,56280.0
752391714,,,,,,,,0.0
752473298,2020621.0,0.0,0.0,0.0,1383669.0,0.0,0.0,0.0
750866675,,,,,,,,0.0
751145178,,,,,,,,0.0
752512327,0.0,0.0,,,,,,
752520684,,,,0.0,,,,
752542803,0.0,0.0,0.0,0.0,0.0,0.0,0.0,
752586776,171000.0,130000.0,55000.0,98000.0,25000.0,0.0,0.0,0.0
752591842,0.0,0.0,,0.0,,0.0,0.0,0.0
752606111,0.0,0.0,0.0,0.0,0.0,0.0,0.0,0.0
752716563,,,,4975.0,0.0,0.0,0.0,0.0
752728139,,0.0,,0.0,0.0,0.0,257457.0,
752738526,0.0,0.0,0.0,0.0,0.0,0.0,0.0,0.0
752893842,0.0,,0.0,,0.0,0.0,155746.0,0.0
753024090,0.0,0.0,0.0,0.0,0.0,0.0,0.0,0.0
753048008,0.0,3782423.0,3336899.0,3336899.0,0.0,2581374.0,,0.0
753111442,0.0,77783.0,0.0,0.0,0.0,0.0,0.0,
753216704,0.0,0.0,0.0,0.0,0.0,0.0,,0.0
753226430,0.0,0.0,0.0,0.0,0.0,0.0,,
753236595,0.0,0.0,0.0,0.0,0.0,0.0,,
753310556,0.0,0.0,0.0,0.0,0.0,0.0,,0.0
753341858,0.0,0.0,0.0,0.0,0.0,0.0,0.0,0.0
753346410,0.0,0.0,0.0,0.0,0.0,0.0,0.0,0.0
753351709,0.0,0.0,0.0,0.0,0.0,0.0,0.0,0.0
753398940,0.0,0.0,51571.0,0.0,0.0,0.0,0.0,0.0
753415603,0.0,0.0,,,,,,
753592393,0.0,0.0,0.0,0.0,0.0,0.0,0.0,5535.0
753715465,,,0.0,0.0,40477.0,0.0,,0.0
753790021,0.0,0.0,0.0,0.0,0.0,,,1200.0
753883446,,,,,,0.0,0.0,0.0
753921329,0.0,,0.0,0.0,0.0,0.0,,
753942416,0.0,0.0,0.0,0.0,0.0,0.0,0.0,0.0
753956606,0.0,0.0,0.0,0.0,0.0,0.0,0.0,0.0
753975085,,,0.0,0.0,0.0,98000.0,254000.0,0.0
753984368,0.0,0.0,0.0,0.0,0.0,0.0,0.0,
754013746,,253000.0,202962.0,124405.0,0.0,172000.0,277000.0,0.0
754014777,0.0,0.0,0.0,0.0,0.0,0.0,0.0,
754025203,0.0,0.0,0.0,0.0,0.0,0.0,0.0,0.0
754089993,0.0,0.0,0.0,0.0,0.0,0.0,0.0,0.0
754092385,,,,,,,,0.0
754093136,,,,0.0,230421.0,280048.0,330545.0,289956.0
756200358,84981.0,92172.0,66201.0,97294.0,245497.0,,,
756800090,486994.0,181514.0,184148.0,209346.0,0.0,140866.0,149579.0,260000.0
757502240,80024.0,0.0,0.0,267000.0,0.0,188000.0,0.0,
759200454,531000.0,452979.0,401347.0,265175.0,27364.0,20000.0,357008.0,220000.0
759500564,403586.0,401006.0,368133.0,,169454.0,238265.0,78736.0,16853.0
760200097,0.0,0.0,0.0,0.0,0.0,0.0,1460000.0,0.0
761200633,456000.0,527.0,471000.0,0.0,0.0,0.0,0.0,0.0
764500740,0.0,0.0,0.0,0.0,0.0,28202.0,,
765200811,0.0,427121.0,0.0,0.0,0.0,0.0,0.0,
765500368,,,,,,,0.0,0.0
768200610,0.0,0.0,455183.0,24900.781,267417.0,0.0,0.0,612698.0
771200789,,0.0,0.0,0.0,0.0,0.0,,0.0
771201126,0.0,0.0,,0.0,,,,0.0
771201373,0.0,0.0,0.0,0.0,0.0,0.0,0.0,0.0
773201108,0.0,0.0,0.0,0.0,0.0,0.0,0.0,0.0
775424914,1143000.0,1285000.0,821000.0,1042000.0,993000.0,824000.0,705000.0,395000.0
775560295,390934.0,,,,0.0,0.0,,
775570963,0.0,0.0,0.0,0.0,0.0,0.0,1730092.15,0.0
775573009,0.0,,,79042.0,80463.0,8157.0,0.0,
775576002,0.0,529999.0,99118.0,84452.0,89277.0,95997.0,,
775580434,804120.7,1208640.0,1250386.0,677331.0,765053.47,853230.77,848316.0,1019261.0
775599202,,0.0,0.0,0.0,0.0,0.0,0.0,0.0
775606650,547894.0,552942.0,725000.0,347618.0,,127805.0,,
775632102,,0.0,0.0,,,,,
775636137,198484.0,0.0,0.0,0.0,0.0,0.0,0.0,0.0
775642853,,189079.0,146176.0,0.0,0.0,0.0,,
775649783,0.0,0.0,,0.0,0.0,0.0,0.0,0.0
775650526,0.0,0.0,0.0,0.0,0.0,0.0,0.0,0.0
775651466,0.0,0.0,0.0,0.0,0.0,0.0,0.0,507000.0
775662257,0.0,0.0,29007608.24,66.0,0.0,0.0,0.0,0.0
775662463,0.0,0.0,0.0,0.0,0.0,0.0,2106016.0,0.0
775665433,730000.0,,,,,,,
775667637,275379.0,422967.0,339857.0,413244.0,302294.0,0.0,0.0,0.0
775678980,1112813.0,2138197.0,1408283.0,1280001.0,1382328.0,845540.0,4603218.0,
775689441,0.0,0.0,43507.0,0.0,0.0,,,
775692395,20794.0,,,,,,0.0,0.0
775705148,207848.0,271072.0,232393.0,0.0,0.0,0.0,0.0,0.0
775722184,0.0,0.0,0.0,131249.0,210452.0,80422.0,0.0,0.0
775723083,240936.0,538290.0,,0.0,,,,
775729007,0.0,0.0,0.0,0.0,0.0,0.0,0.0,
775729155,5300000.0,0.0,0.0,0.0,4700000.0,0.0,0.0,0.0
775729981,125000.0,,,,0.0,0.0,0.0,0.0
775730021,0.0,0.0,5057.0,0.0,0.0,0.0,,
775732522,0.0,,0.0,0.0,0.0,0.0,0.0,0.0
775735020,0.0,0.0,0.0,164308.0,0.0,0.0,0.0,
775741614,0.0,0.0,0.0,0.0,0.0,0.0,0.0,0.0
775764186,0.0,0.0,0.0,2614000.0,100000.0,460000.0,627000.0,352000.0
776218794,0.0,0.0,0.0,0.0,0.0,0.0,0.0,
776259186,0.0,,,,,,,
777335522,8550.0,1248.0,0.0,23322.0,32248.0,0.0,36236.57,46091.33
777335944,0.0,0.0,301941.0,360038.0,0.0,433868.0,427946.0,481108.0
777343955,378770.0,553621.0,255088.0,651307.0,372128.0,219071.0,,
777346412,786008.0,826937.0,1177169.0,1236117.0,1298249.0,1104634.0,1246096.0,893777.0
778126045,0.0,,,25307.0,13828.0,0.0,0.0,
778127613,2800000.0,7900000.0,9400000.0,2500000.0,2400000.0,5000000.0,5300000.0,6700000.0
778128462,0.0,250000.0,260000.0,0.0,274000.0,0.0,0.0,0.0
778147942,5000.0,64000.0,0.0,0.0,30695.48,0.0,0.0,0.0
778150326,24978930.0,25289954.0,25845460.0,29052608.0,26481000.0,0.0,21317670.0,0.0
778150706,0.0,0.0,0.0,485000.0,475000.0,192000.0,186000.0,181000.0
778151944,0.0,0.0,0.0,470884.0,0.0,0.0,0.0,0.0
778196501,,,0.0,0.0,0.0,0.0,0.0,0.0
778339374,0.0,0.0,0.0,0.0,0.0,0.0,0.0,0.0
778536367,0.0,0.0,0.0,0.0,0.0,0.0,0.0,0.0
780060661,0.0,0.0,0.0,0.0,0.0,0.0,0.0,0.0
780129987,0.0,144.0,48000000.0,40000000.0,0.0,36000000.0,33000.0,
781362363,0.0,0.0,0.0,0.0,0.0,0.0,0.0,0.0
781785969,,0.0,0.0,0.0,0.0,,0.0,0.0
782016240,,403000.0,352000.0,160000.0,161480.0,137456.0,168412.0,126238.0
784116527,0.0,0.0,0.0,0.0,0.0,0.0,0.0,0.0
784274698,0.0,0.0,0.0,0.0,0.0,15876.0,0.0,0.0
784512550,0.0,71000.0,0.0,404000.0,253000.0,211000.0,oui,778000.0
785137290,0.0,0.0,0.0,0.0,0.0,0.0,0.0,0.0
785453150,,46420.0,36000.0,46000.0,46000.0,0.0,0.0,
785506338,0.0,0.0,33207.0,0.0,0.0,0.0,284070.0,189239.0
785820101,,0.0,0.0,0.0,0.0,0.0,0.0,0.0
785920810,0.0,0.0,83000.0,,,,,
786020222,0.0,0.0,0.0,0.0,0.0,0.0,0.0,0.0
786150128,263480.0,351857.0,326601.0,326601.0,0.0,0.0,0.0,0.0
786503458,0.0,0.0,0.0,0.0,0.0,,,
787380518,0.0,0.0,201169.0,0.0,0.0,0.0,0.0,0.0
788060465,,2965301.0,3574640.0,4386953.0,3359234.0,3009812.0,3967978.0,4335524.0
788116564,0.0,0.0,0.0,0.0,332632.0,0.0,,
788137461,0.0,0.0,0.0,0.0,0.0,0.0,0.0,326912.0
788139996,,0.0,0.0,0.0,0.0,0.0,0.0,0.0
788267599,0.0,0.0,0.0,0.0,0.0,0.0,0.0,0.0
788378545,0.0,0.0,0.0,0.0,0.0,0.0,,0.0
788426575,0.0,0.0,34507.0,32156.0,0.0,0.0,0.0,0.0
788492494,0.0,0.0,0.0,0.0,0.0,0.0,0.0,0.0
788593218,,0.0,0.0,0.0,0.0,0.0,0.0,
788636215,,0.0,0.0,0.0,0.0,0.0,0.0,0.0
788644797,,,,,0.0,0.0,0.0,
788721389,,,,,0.0,0.0,0.0,0.0
788962264,,0.0,,0.0,,,,
789054228,0.0,0.0,0.0,,,,,
789068020,,0.0,0.0,,,0.0,0.0,
789169661,,,0.0,0.0,0.0,0.0,0.0,0.0
789192424,124889.0,198027.0,357258.0,340445.0,338428.0,386031.0,,
789230026,0.0,0.0,,185544.0,155718.0,0.0,0.0,342885.0
789255536,0.0,,,,,,,
789289659,0.0,0.0,0.0,0.0,0.0,0.0,0.0,6020.0
789328242,0.0,0.0,0.0,0.0,0.0,0.0,,0.0
789335494,,,,,,0.0,,
789395951,0.0,60415.0,0.0,563829.0,209092.0,203408.0,203230.0,899292.0
789483443,,0.0,0.0,0.0,0.0,0.0,0.0,0.0
789494226,,,,,,,0.0,0.0
789531308,0.0,0.0,,,0.0,0.0,0.0,
789575859,0.0,36877.0,34511.0,0.0,0.0,,12870.0,
789673340,0.0,0.0,0.0,149612.0,185123.0,36000.0,0.0,0.0
789728482,0.0,0.0,,,,0.0,,
789747391,0.0,0.0,0.0,0.0,0.0,0.0,0.0,
789747425,0.0,0.0,0.0,0.0,0.0,0.0,0.0,
789761277,0.0,0.0,0.0,0.0,0.0,0.0,0.0,0.0
789800026,0.0,0.0,0.0,0.0,0.0,628319.0,0.0,562066.0
789944873,758000.0,724000.0,927000.0,,1178000.0,985000.0,1187000.0,1070000.0
789947223,0.0,0.0,0.0,0.0,0.0,0.0,0.0,0.0
789947306,0.0,0.0,0.0,0.0,0.0,0.0,0.0,0.0
789947322,0.0,2772000.0,2725000.0,2675000.0,2054000.0,1943000.0,1712000.0,
789966603,0.0,0.0,0.0,0.0,0.0,0.0,0.0,0.0
790008262,,,,oui,0.0,,,0.0
790020846,712413.0,789955.0,0.0,0.0,0.0,0.0,538488.0,491218.0
790022354,70000.0,88000.0,12346.0,44000.0,48000.0,41000.0,33000.0,25000.0
790042709,0.0,0.0,0.0,0.0,0.0,0.0,0.0,0.0
790087563,0.0,0.0,,8563.0,0.0,0.0,0.0,
790092803,0.0,0.0,0.0,0.0,0.0,0.0,0.0,0.0
790125892,4071.0,5008.0,,,,0.0,0.0,0.0
790146286,0.0,0.0,0.0,0.0,0.0,0.0,0.0,0.0
790154785,0.0,0.0,0.0,0.0,587.726,,,
790160949,28274000.0,21932000.0,24770.0,23492000.0,18021000.0,26588000.0,20625000.0,15194000.0
790182786,0.0,0.0,0.0,961141.087,0.0,0.0,0.0,0.0
790184238,,,,,499365.0,438979.0,425446.0,
790184444,0.0,,0.0,0.0,0.0,0.0,0.0,0.0
790184675,0.0,0.0,0.0,0.0,0.0,0.0,0.0,0.0
790184691,0.0,0.0,0.0,0.0,0.0,0.0,0.0,0.0
790194856,0.0,26933.0,0.0,,0.0,0.0,0.0,
790195234,0.0,0.0,0.0,0.0,0.0,0.0,0.0,0.0
790196000,0.0,0.0,0.0,0.0,0.0,0.0,0.0,0.0
790202964,,,,,,,0.0,
790207492,0.0,0.0,0.0,0.0,0.0,0.0,0.0,0.0
790213771,11836.0,6270.0,0.0,0.0,,183.0,0.0,0.0
790219117,81976.0,0.0,86711.0,0.0,0.0,0.0,0.0,0.0
790219174,109891.0,0.0,81577.0,15927.41,49911.0,52799.36,13621.1525,0.0
790234983,,0.0,,,,,0.0,0.0
790247316,0.0,,,0.0,0.0,19402.0,,
790256671,6400000.0,1944000.0,130000.0,164000.0,0.0,653586.0,0.0,
790257273,,,,,,,0.0,0.0
790267413,0.0,32604.0,0.0,0.0,0.0,0.0,0.0,0.0
790287031,16870.0,0.0,0.0,,0.0,0.0,3147.0,3139.0
790359079,,,0.0,201549.0,310267.0,317018.0,683000.0,434838.0
790397392,0.0,0.0,0.0,0.0,0.0,0.0,0.0,0.0
790420509,0.0,0.0,,,,816600.0,90795.0,144431.0
790432835,0.0,593214.0,,,,,,
790444749,0.0,70322.0,0.0,0.0,0.0,0.0,9000.0,7950.0
790503973,42172.0,128883.0,183142.0,184009.0,149519.0,329804.0,202620.0,125000.0
790512362,,0.0,8337.0,0.0,0.0,0.0,,
790582605,0.0,0.0,12573.0,0.0,0.0,0.0,,0.0
790608715,0.0,0.0,0.0,0.0,0.0,0.0,0.0,0.0
790718480,981.0,1815.0,0.0,0.0,0.0,0.0,0.0,0.0
790775472,0.0,,,,0.0,0.0,42004.0,0.0
790807606,,,,,,0.0,,
790836290,0.0,0.0,0.0,320550.0,140154.0,140000.0,114000.0,132000.0
790884084,0.0,0.0,165922.0,0.0,,,291207.0,0.0
790887319,,,0.0,0.0,0.0,,,
790905335,0.0,0.0,0.0,0.0,0.0,0.0,1145.0,
790921407,0.0,0.0,0.0,0.0,0.0,,0.0,
790953384,122944.0,210297.0,90742.0,21199.0,0.0,0.0,0.0,0.0
790965982,,,,,,,0.0,0.0
790980098,0.0,0.0,0.0,0.0,0.0,0.0,0.0,0.0
791012131,0.0,0.0,0.0,0.0,,64160.0,12000.0,12000.0
791047350,0.0,0.0,0.0,0.0,0.0,0.0,0.0,
791078967,0.0,0.0,0.0,0.0,0.0,0.0,0.0,0.0
791086028,0.0,0.0,,,0.0,,0.0,
791141534,0.0,0.0,0.0,0.0,0.0,0.0,0.0,0.0
791183676,0.0,0.0,0.0,0.0,0.0,0.0,0.0,
791289481,0.0,0.0,0.0,0.0,0.0,0.0,0.0,0.0
791310592,0.0,0.0,,0.0,,,0.0,
791372600,0.0,0.0,0.0,0.0,0.0,0.0,0.0,
791485923,0.0,0.0,0.0,0.0,0.0,0.0,0.0,0.0
791489271,0.0,0.0,0.0,0.0,0.0,0.0,0.0,
791567092,936908.0,673570.0,1003348.0,1003348.0,828108.0,527934.0,680366.0,465834.0
791571730,,,,,,0.0,0.0,
791605504,315742.0,413345.0,218850.0,280464.0,377459.0,539618.0,1300000.0,
791771223,0.0,0.0,0.0,0.0,30440.0,,0.0,
791915580,0.0,0.0,0.0,0.0,0.0,0.0,0.0,0.0
791954415,,0.0,0.0,5105.0,0.0,0.0,0.0,0.0
791975204,53170.0,76006.0,0.0,0.0,0.0,0.0,0.0,
792010282,0.0,0.0,0.0,0.0,0.0,0.0,,0.0
792117483,0.0,,0.0,,,,,0.0
792161457,0.0,0.0,0.0,0.0,0.0,0.0,0.0,
792237802,0.0,0.0,,,,,,
792265316,,,,,0.0,,,
792298101,,,,,0.0,,0.0,0.0
792324394,0.0,0.0,0.0,0.0,0.0,0.0,0.0,0.0
792407371,,,,,,0.0,437083.0,0.0
792516833,0.0,0.0,0.0,0.0,0.0,0.0,0.0,0.0
792597122,,,,,0.0,0.0,,
792687097,639000.0,0.0,0.0,0.0,915010.0,509324.0,0.0,4223497.0
792850034,0.0,0.0,0.0,0.0,0.0,0.0,,0.0
792872608,0.0,0.0,0.0,0.0,0.0,0.0,0.0,0.0
792945065,0.0,0.0,0.0,,0.0,0.0,0.0,0.0
792976573,,,,0.0,0.0,0.0,0.0,
792993602,0.0,0.0,,,,0.0,0.0,0.0
793012303,0.0,0.0,0.0,0.0,0.0,0.0,0.0,0.0
793041336,935793.0,1882428.0,2528312.0,2227823.0,1464431.0,559779.0,129089.0,59442.0
793205253,968.0,0.0,0.0,0.0,0.0,0.0,0.0,
793260118,0.0,0.0,0.0,0.0,0.0,0.0,,
793265422,,0.0,,,,0.0,0.0,
793288010,0.0,10787649.0,2817000.0,2178577.0,3874000.0,1092650.0,,
793467366,0.0,0.0,0.0,0.0,0.0,0.0,,0.0
793531823,0.0,0.0,1651.0,0.0,12614.0,2622.0,0.0,9877.0
793618828,,,0.0,0.0,0.0,0.0,0.0,392081.0
793636143,0.0,0.0,0.0,0.0,649571.0,0.0,0.0,0.0
793690777,,,,,0.0,0.0,,
793744699,0.0,0.0,0.0,999420.0,0.0,0.0,560201.0,
793815168,0.0,0.0,0.0,0.0,0.0,0.0,0.0,0.0
793876244,0.0,0.0,0.0,0.0,0.0,0.0,0.0,0.0
793931197,0.0,0.0,0.0,0.0,0.0,660.0,,
793934290,344490.0,488932.0,,,,1513079.0,1513079.0,389015.0
793942038,0.0,,0.0,0.0,0.0,0.0,0.0,0.0
793960030,0.0,0.0,0.0,0.0,,,,
793965971,,,,,0.0,,,
794044370,0.0,,0.0,0.0,0.0,0.0,0.0,0.0
794081281,0.0,0.0,0.0,0.0,0.0,0.0,0.0,0.0
794088930,0.0,0.0,0.0,0.0,0.0,0.0,0.0,0.0
794146043,0.0,,0.0,0.0,,,,
794217406,0.0,0.0,444000.0,,59306.0,0.0,0.0,
794238170,0.0,0.0,0.0,0.0,0.0,0.0,,
794278846,0.0,0.0,8766.0,0.0,0.0,0.0,0.0,0.0
794293118,38000.0,42000.0,0.0,0.0,0.0,0.0,0.0,0.0
794303412,,20743.0,16936.0,0.0,0.0,0.0,0.0,0.0
794336727,0.0,0.0,0.0,0.0,0.0,0.0,0.0,0.0
794353722,0.0,,0.0,0.0,0.0,0.0,0.0,0.0
794389973,,,,0.0,,,,
794432815,,,,,,,0.0,
794515114,,0.0,1018000.0,,,,,
794569046,0.0,0.0,0.0,0.0,0.0,0.0,17374.0,18138.0
794588608,0.0,,0.0,0.0,0.0,0.0,0.0,
794618124,0.0,0.0,0.0,0.0,0.0,,,
794740530,5040.0,0.0,0.0,0.0,672.0,0.0,0.0,
794751602,0.0,0.0,0.0,0.0,0.0,0.0,0.0,0.0
794782144,281122.0,265880.0,243853.0,170415.0,53607.0,,0.0,0.0
794909812,,0.0,0.0,0.0,0.0,0.0,0.0,0.0
794960567,143000.0,0.0,0.0,0.0,0.0,0.0,0.0,0.0
795007046,0.0,0.0,0.0,0.0,0.0,0.0,0.0,0.0
795082411,0.0,0.0,0.0,0.0,,,,
795147487,0.0,0.0,0.0,0.0,0.0,0.0,0.0,0.0
795151885,0.0,0.0,0.0,160000.0,0.0,0.0,0.0,
795231158,152968.0,92369.0,99285.0,147498.0,163665.0,271049.0,211411.0,53931.0
795284355,53000.0,0.0,0.0,0.0,,,,13351.0
795289628,0.0,0.0,1240012.0,0.0,1101449.0,832839.0,206729.0,118330.0
795339316,0.0,345.0,0.0,0.0,0.0,0.0,0.0,
795359579,,,,,0.0,,,
795920032,20375.0,0.0,0.0,0.0,0.0,0.0,0.0,
796080851,2751185.0,77000.0,95000.0,149070.0,129000.0,76000.0,127000.0,155000.0
796380426,453000.0,551000.0,508000.0,817000.0,515000.0,0.0,329103.0,0.0
797080397,0.0,0.0,0.0,0.0,0.0,0.0,0.0,1751272.0
797395795,0.0,0.0,0.0,0.0,0.0,0.0,0.0,0.0
797400629,,,,0.0,0.0,,,
797403805,0.0,0.0,,0.0,0.0,0.0,0.0,
797403953,0.0,0.0,0.0,0.0,0.0,0.0,0.0,0.0
797469244,,,0.0,,0.0,0.0,,
797519006,1669000.0,235162.0,396000.0,0.0,0.0,0.0,0.0,0.0
797671195,0.0,0.0,0.0,3252995.0,1743179.0,0.0,0.0,0.0
797954674,0.0,0.0,0.0,0.0,0.0,0.0,0.0,
797977998,0.0,,0.0,0.0,0.0,0.0,0.0,
798120671,0.0,0.0,,0.0,36363.22,,0.0,
798158135,0.0,0.0,0.0,0.0,0.0,36000.0,0.0,0.0
798233524,0.0,,,0.0,,,,
798251559,,,,0.0,,,,
798323911,,0.0,,,,,,
798414785,0.0,0.0,0.0,0.0,0.0,0.0,0.0,0.0
798414843,0.0,0.0,0.0,0.0,0.0,0.0,0.0,0.0
798442216,0.0,0.0,0.0,0.0,0.0,0.0,4000.0,120000.0
798562450,0.0,0.0,,,141674.0,,0.0,0.0
798641999,,,0.0,,,,,
798661120,0.0,,,,,,0.0,0.0
798737045,0.0,0.0,0.0,0.0,,,,
798891974,,,,0.0,,0.0,,
798979555,0.0,0.0,0.0,12839.0,12839.0,0.0,11867.0,0.0
798979704,0.0,0.0,0.0,0.0,0.0,0.0,0.0,0.0
798988192,0.0,0.0,0.0,0.0,0.0,0.0,0.0,0.0
798990255,0.0,0.0,0.0,0.0,0.0,0.0,0.0,0.0
798992509,,887.0,0.0,0.0,0.0,0.0,5421.0,0.0
799025234,0.0,0.0,0.0,533370.0,0.0,,,
799027347,0.0,0.0,0.0,0.0,0.0,0.0,,
799055520,514084.0,358389.0,260967.0,,193135.0,0.0,0.0,0.0
799071956,,0.0,0.0,0.0,0.0,0.0,0.0,0.0
799088927,0.0,199971.0,0.0,0.0,0.0,0.0,0.0,0.0
799088950,0.0,0.0,0.0,0.0,0.0,0.0,462680.34,0.0
799119441,0.0,0.0,0.0,0.0,0.0,0.0,0.0,0.0
799135116,,,,0.0,0.0,11366.0,0.0,0.0
799160320,0.0,0.0,0.0,0.0,0.0,0.0,0.0,0.0
799167804,0.0,0.0,0.0,0.0,0.0,0.0,0.0,
799178967,,0.0,0.0,0.0,0.0,0.0,0.0,0.0
799217393,,0.0,0.0,0.0,0.0,0.0,77000.0,19000.0
799222823,0.0,50418.0,39953.0,0.0,0.0,0.0,0.0,0.0
799255393,0.0,0.0,0.0,0.0,0.0,0.0,0.0,0.0
799256730,94345.0,,433368.0,378906.0,,,,
799278536,0.0,0.0,0.0,0.0,0.0,0.0,0.0,0.0
799303755,4146.0,0.0,0.0,0.0,0.0,0.0,0.0,0.0
799305388,,,,,,,0.0,
799315957,0.0,0.0,0.0,0.0,0.0,0.0,0.0,
799316468,0.0,0.0,0.0,0.0,0.0,0.0,0.0,0.0
799325246,3571.0,3524.0,0.0,0.0,0.0,0.0,0.0,0.0
799340310,714190.0,oui,530559.0,309322.0,32833.0,0.0,577.0,2353530.0
799378054,,19306.0,0.0,0.0,0.0,0.0,0.0,
799388053,0.0,0.0,0.0,0.0,0.0,0.0,0.0,
799388079,0.0,0.0,0.0,0.0,0.0,0.0,0.0,
799395207,,,,0.0,0.0,,,
799395710,69902.0,0.0,0.0,0.0,0.0,0.0,22394.0,oui
799401633,0.0,0.0,0.0,0.0,0.0,0.0,0.0,0.0
799413737,0.0,0.0,0.0,0.0,0.0,0.0,0.0,0.0
799427554,0.0,0.0,,0.0,0.0,0.0,0.0,
799427992,0.0,0.0,,0.0,0.0,0.0,0.0,
799428826,0.0,0.0,0.0,0.0,0.0,0.0,,0.0
799439583,1500.0,0.0,2341.0,,,0.0,0.0,0.0
799454582,0.0,0.0,0.0,0.0,0.0,0.0,,
799456611,0.0,,,,,,,
799477138,227371.0,0.0,0.0,0.0,0.0,0.0,,0.0
799482153,2630039.0,2876750.0,757813.0,3387611.0,3341046.0,3396823.0,377454.0,
799492897,,0.0,0.0,0.0,oui,85612.0,60470.0,oui
799556550,0.0,0.0,0.0,0.0,0.0,0.0,0.0,0.0
799630173,,,,,0.0,,,
799687454,0.0,0.0,,0.0,0.0,0.0,0.0,0.0
799697396,0.0,0.0,0.0,0.0,0.0,0.0,0.0,0.0
799746664,0.0,0.0,0.0,0.0,0.0,0.0,,0.0
799821632,0.0,0.0,0.0,10776.0,0.0,0.0,0.0,0.0
799840913,,,,,270000.0,,,
799916820,,0.0,0.0,0.0,0.0,0.0,0.0,
799947387,0.0,,0.0,0.0,0.0,0.0,0.0,0.0
799971536,,0.0,0.0,0.0,0.0,,,
799995386,0.0,0.0,0.0,0.0,17000.0,12000.0,40000.0,54000.0
